"sample_002Cb"	"sample_002Co"	"sample_008Ab"	"sample_008Ao"	"sample_012Ab"	"sample_012Ao"	"sample_016Bb"	"sample_016Bo"	"sample_016Cb"	"sample_016Co"	"sample_021Ab"	"sample_021Ao"	"sample_024Bb"	"sample_024Bo"	"sample_028Ab"	"sample_028Ao"	"sample_029Db"	"sample_029Do"	"sample_032Ab"	"sample_032Ao"	"sample_032Bb"	"sample_032Bo"	"sample_040Bb"	"sample_040Bo"	"sample_040Db"	"sample_040Do"	"sample_043Cb"	"sample_043Co"	"sample_056Ab"	"sample_056Ao"	"sample_106Bb"	"sample_106Bo"	"sample_16_1_1"	"sample_16_1_4"	"sample_16_2_1"	"sample_16_2_4"	"sample_18_0_14"	"sample_18_0_17"	"sample_40_2_1"	"sample_40_2_4"	"sample_7_1_1"	"sample_7_1_4"	"sample_7_2_1"	"sample_7_2_4"	"sample_8_0_12"	"sample_8_0_15"	"sample_8_0_4"	"sample_8_0_6"	"sample_8_0_9"
"01d167a6dbdb0cbe980b5f2ea54e71fd"	3.42343530917997	5.11252527641407	1.35425658876937	3.59286622722992	2.48517619679028	3.75071545955592	3.23866213830582	4.49770737316244	2.83514183626036	4.14764498431386	3.84373902547535	5.05825690275469	1.49200369093498	4.06133640445466	2.06423259475949	4.51251542044858	3.54325003169536	5.48454461950448	3.43490555686403	6.44595619779521	3.57787289059401	5.46855036694638	2.5019030557439	4.1611102887953	2.83313098772385	4.8387930371376	1.88309935358744	4.8944723304143	2.97762476772726	4.6003933048366	3.75961094665633	5.40273634409794	5.17170032319287	2.54599892694251	5.6152618429508	2.21786759214861	4.41112902209441	3.13740543187014	3.99019272322766	1.79968547528995	5.14922469423991	3.35887304391146	2.89615306941832	5.63291472167685	3.51092148301704	5.54635200441389	3.71128887684305	5.26437473816665	3.2054640477161
"03f20837ac22d72ee3fafdf1f4e68653"	2.13194990382348	3.86233187951454	1.65205381693525	2.89941133310319	1.21834749167933	2.96256812234554	1.32100782695699	3.2492032636718	1.69512099095913	3.680428999384	2.44747992647222	4.64804785815449	1.08827234859379	3.55442377732752	1.88128720530663	3.09910887755987	4.06789620087321	4.97744149190681	2.81873760367199	4.16997185937875	2.30242848073099	3.92380320560324	2.32582298946122	4.59000172434022	2.07701359660517	5.08545824868435	2.24107440999131	4.3279919545408	2.50297501267873	4.3462103458861	2.51988118117057	3.32025175258886	5.39723498625512	3.24404379762775	4.55935139491397	3.29964361114716	4.97202889887773	4.25592613587245	3.30394597222354	1.16881101060287	3.28914657285641	1.32117833992793	1.21208233303107	3.21467782558665	3.93508244120856	5.05347825947849	4.10572370681808	5.54862110202878	3.31645136407995
"094460b06f8e9ea03e474cce4556813c"	0.264913320554078	5.4222988233506	0.0890497148335058	4.3820902576499	1.33693472233056	4.90276815800722	3.00774142417658	4.16458013678918	3.23998587162876	4.91658715891183	1.34265068105334	4.82277007958731	0.0890497148335058	4.99473898120963	3.66872233249207	3.95992954121775	2.93766662477144	5.04539903842145	2.56349144907553	5.72183149993124	0.853597972935684	4.45919273580229	0.943828074867243	5.15691450359881	1.47554073863409	5.13856871393447	1.82750829697153	4.99680101353254	1.44501882583956	4.92951838689916	0.620283434036384	4.23190880156101	5.43235280462031	2.33912895735152	5.10346661011545	2.21463938874752	5.64212335960277	3.85528967769688	3.44045514541111	0.107734495536399	3.46840857801928	0.18713080712185	0	4.05189172471114	0.386676366655982	3.86205144768806	0.727571795414228	3.86337395930109	0
"0fdedf0154a40d89a1517a791566c30f"	1.19141508518839	3.80474300429176	0.969457969333098	2.98298866763787	0.743989998498214	2.33345371665651	1.11854464611106	2.95872367586814	1.56507298245684	2.89666745390293	1.7777078730051	4.09323594793631	0.345329325123889	2.92114880375379	0.780331250970541	2.29653140635221	2.58240080661375	4.53826192590248	1.58771997610404	3.34162138900859	1.14959940285395	3.56603475482454	1.57712131095756	3.89785105607001	0.8972709980369	3.35649983131222	1.27755536704772	3.82095234614337	2.37132511918499	3.9586673642412	1.96871177625298	3.46727612230246	3.93530064668687	1.68041255225368	3.94250728219862	1.0527623976559	4.33160795769699	3.01087701088044	3.71491075562617	1.52239482585082	3.33415528474803	1.66719253739376	1.23346509950157	3.3110213661184	1.5735719498074	4.11166987514135	1.70769501850996	4.23677089398633	1.20265033024245
"11074d6de8f52614cf4abf36c8fc3559"	4.08608844071877	4.18803526471399	3.55061157631824	4.15386826452349	3.6252879510798	3.30556971813187	3.22174139519697	3.76450712986154	3.46349818221951	3.61866504220733	4.49173941547057	4.17540582791233	3.40887069964579	3.58182110907026	2.96396747188395	3.48166895120745	4.37466359389729	4.58996273667128	2.36608773404305	4.30176545105288	3.09926794018719	4.25599881966538	3.76508789730445	3.83565586789635	3.48317667448207	3.41032559248903	3.52475402901048	3.893628010153	3.60249578916279	4.42653177408102	4.41678790002317	4.54653781581979	4.22316061341078	4.20034029608612	4.18962959019497	3.3148238375775	3.96847138947881	4.01080895591882	2.91334337823342	1.35749794568765	4.08460949653106	3.15249026567223	3.46462872760741	3.88131459163639	3.02486962777549	4.02051515639338	3.28513626265602	3.7512557643574	2.62646697410454
"143e6bd05c944e61c95ff5da42592ddf"	1.66714156649247	4.51031691978285	2.60515405380016	4.79202665284937	2.00860657278707	3.81166816268138	2.39975808214574	3.09860108749982	2.01292560006778	3.32733459995962	3.65041145759839	3.79732435815162	2.01926084475167	4.56626271177037	2.09795228092632	2.83448059957218	2.91278317976243	3.99235613246436	1.56683829721528	4.36863581399225	1.58771997610404	3.08009327473185	2.21917087482767	4.21286066245431	2.24780150408262	4.25687290834221	0.866782369862384	2.9422574961986	0.82404824189418	3.08787234295476	0.15655065472505	1.47088478914267	5.28366384621796	3.09081097202312	5.28291233603345	3.39740707418036	3.98599439682657	2.9926174274538	1.88309935358744	0.422717427307924	1.55868131610364	0.0924333183310872	0.114265746128343	1.65106726095639	2.96178451391419	3.67685059662013	3.37520871622468	3.4871396985217	1.70769501850996
"174188bb261f1d47eeb4a6bcfd8fc50e"	3.8971380521277	3.96171198458995	3.48551677740834	3.72538289709945	2.9639425421395	2.80499147419277	3.21226614900834	2.93507936696255	3.18422243201007	2.82584449595447	3.74134191476017	2.82230583760955	3.03548866051613	3.50008509385328	3.52205013055374	2.49424895754876	2.95230480439732	3.46129355014623	2.65165493128789	3.38250672789419	3.57031264576296	5.35932382604342	4.62891014983075	4.94243496560697	4.13232091173239	4.15037826974288	3.5805541589486	3.61328866774979	4.72009011352596	3.89333830861476	2.98011698709666	3.4714222050957	3.00217904837351	2.21786759214861	1.39506330133656	2.39330584839184	2.63494172928157	3.3570817747059	3.02912333495168	2.17222500930651	2.48013863417939	2.01333913163858	1.68755014254971	2.97395025856188	2.99224660566594	2.21389026342931	3.42303584373643	1.80286293035042	2.20871827104743
"176f710f54f966b27a08cde901ee53ec"	2.99865205683517	3.06605624540031	2.86437651252577	2.90888897334776	2.69264379624379	3.39557946400582	1.77264562466658	2.6369385150837	2.27824137453304	3.06817567178721	3.5045063944262	3.77168357633963	2.58629792341684	3.20233029945206	2.27824137453304	2.82784407293099	3.82637448115091	4.03945075868607	2.94958225612798	3.52271568436644	2.81672420110254	3.3138140082177	3.14246551205339	4.35225018374858	3.32636247869157	4.08232258699478	2.69699511823519	3.3018542805519	3.02291568396936	3.48065117749961	3.27276477761801	3.24532260532318	4.07141293069403	3.44150250662835	3.90624112251149	3.37232474995176	4.90218333819071	4.12397941335179	2.93397324604265	1.65851013206025	3.69044909658041	2.64600527947067	2.4461186096849	3.36809120324846	2.66662635884127	2.90742551246199	2.9715047427963	2.72914349839339	1.95643966151394
"1c8339c87b0f53623affa792350456a3"	2.12994927759711	3.84482420220929	1.65460055270628	3.99965349905884	2.07591282306905	3.80220947870576	1.61556351257834	2.47453589223458	1.7591661993095	2.56077133397158	2.64579316428779	4.02547096933546	1.367901240003	3.71571525623692	1.76496535836952	2.54322422024996	3.94203374436587	4.09735469389326	2.58277612755119	3.8229601802022	2.2505445721339	3.32478742864907	2.0853490578943	2.9472088238131	1.87349305425473	3.04404136964778	3.29080053830326	4.24917306941533	3.80462200940548	4.18439537516513	1.29499973318475	2.56557685285281	3.85772701799289	2.96394465835313	3.85678864998835	3.76027419879269	3.02719218017226	2.16509157579593	3.40473421967023	2.02970427289839	2.56278123956086	0.426978689188451	0.977718795550604	2.79713254327343	1.99996750561528	3.48279825937339	1.98278305331591	3.80731401081772	1.15917541839787
"1e3b4ef47aa1250abdaa64be54b7917d"	4.56282911116604	5.58722257191768	4.25266425391581	4.28763051199203	4.05812256176565	4.68642279220834	3.67929289958614	4.31063123209759	3.85763657432694	4.50756235159594	4.87463105603193	5.23687516685587	3.55594459781195	4.49459018358868	4.00525054531544	4.63817516953332	4.77095746859625	5.26595738466353	5.70671283030054	5.80768215281031	6.0414178298308	5.82961445565287	5.42480771660821	6.09477288348561	5.52644646932155	5.97240404436924	5.53531168360494	6.8234021232443	5.60140094334107	6.20512503194402	3.58943045871631	4.15481568206163	5.78519002896422	4.77291535487446	5.81074717891518	4.77990181199153	5.84630928690571	5.68902308881233	4.50450187801898	3.38035242733184	2.714046851865	1.74624854746125	1.72921274093126	2.97456864551633	4.70905650354968	4.95467992101837	5.13248792806317	4.9653840047163	3.60974858059325
"24c356015e6b437ed6219dbe78a48098"	3.94228348376753	6.12454663537292	4.51051230339168	5.88361224898163	3.60052585857004	6.21253842813146	3.51971937385252	5.63381700177439	3.24526335149943	5.38214391568651	4.63657776362763	5.03730319030116	3.46284156198351	5.67518162526461	3.38656021238724	5.62994553243721	3.97885477007166	5.56181606422586	3.87430240494302	5.93084893993842	4.43651309173676	6.1380629069686	3.87211517626472	5.79241068275857	3.542416233244	5.31437278574274	4.64126485469027	6.45534263315025	4.08640317941415	5.96228335766175	3.49741109255324	5.96947840091856	6.71442971961789	4.28335712864629	6.97971557052	4.36114185806529	6.85243980118597	5.74862071326019	5.72222862352785	3.56779648591435	5.72179544591738	3.9335983742147	3.0157463980909	6.18705291759001	3.46916975039103	5.4974714252251	4.00543684285676	5.40993562562401	3.33231079024156
"25a09cf807743f43abcb5d4fe64bc2f1"	2.8465076988564	4.58249955830775	2.39110225239077	3.70202159166887	2.60318585862641	3.66319683600478	3.36149448294276	4.5053254415682	3.65687699457244	4.504329650921	3.53155758470928	5.03609821155166	2.65967859932332	3.78935682912326	3.68496053517236	4.46625310511692	3.25626563216659	4.49450629895022	2.38022016617879	4.64156812077163	2.83963713783041	3.40793407245294	2.603304311338	3.29094715304125	2.98251531307114	3.44768012387513	2.54289690273903	3.40378918669855	2.87156648640862	3.83885777029666	3.62875902548325	4.45703327879382	4.91982254832357	2.81949556645594	4.71678404467716	3.07930134092161	3.31853290682531	2.59834693601025	4.65583318578173	3.34888981869212	3.94584358715918	2.37777048452301	2.39004591063676	4.22272407123841	2.99697270390207	4.72537524617362	3.16776171442625	4.79229571852386	2.66990129735596
"2656962ed64a62239535400900e8dc9d"	4.05794461629496	4.92651082959818	3.27182229201234	3.98788334842568	2.82412837690315	3.656691433505	3.2998886833317	4.63784831225067	3.23112770314779	4.43990584423373	4.20720885400083	4.48913849083925	3.0998609558165	4.52762369350876	3.05976261871702	4.20183563163756	4.16369492535685	4.99256256166878	4.06635572011463	4.98880643537897	4.19618538602529	5.0899517504208	3.52731888876791	4.97756787719204	3.88900409142256	5.15575964462083	3.07875370963859	4.62953868752356	3.41833777554718	4.78937592492882	3.06211510852375	3.43073514808374	4.74601543702465	2.97911323924362	4.60361754125885	2.44854379572911	4.33489571819134	3.59559571968156	4.20941898474754	2.51798981667819	3.48078167658831	2.76563648635509	2.64514625443072	4.24881961800522	3.66039129253209	4.65963178000953	3.73598572514028	4.61576609059189	2.84263190861955
"2f56dd1cb6284dba4eb10fd009599116"	1.90396982109993	3.58303760040931	1.46777180829307	3.2130937407918	1.92097175626346	3.22849778498191	1.86223299955404	3.03137775702959	1.94283814957876	3.17861184129754	2.60664629218688	4.33413911300011	1.50094137348036	3.44304860634329	1.77264562466658	2.9163626060048	3.46902797796892	4.70378435614552	2.64330010202805	4.46831574672631	2.58150198827051	3.34993327983095	1.7362467592978	3.50298050607953	1.4869312379413	3.63865401042346	1.95204486457779	4.63631525371688	2.88038185792682	4.70463410886295	1.49560381943014	2.38001361743542	4.54561735959368	2.07241868907767	3.97861289606783	2.23226691510498	3.74239415435152	2.46851469951473	2.69986640500732	0.990307071258294	1.88041040418543	0.552968026163954	0.273631321354119	1.85611516115338	3.67605395793138	4.40682811938625	3.67246120932898	4.13334307120268	4.436881135432
"30471b8b9f4a392ba46fff86cf84c5d3"	3.46644474526154	4.60920253512971	2.96942140854919	3.57177510996936	2.91827763061653	3.82132962180039	3.49440000880342	4.151551365632	3.76215561254939	4.71095311641623	3.44465653581819	3.78896684123463	2.51035101226393	4.34533548447687	3.66958358039647	4.32414329196001	3.65521976973773	3.98577185596256	4.2638525553824	4.63439301917699	3.83212835346049	4.69457139671554	2.26874905641358	3.38970492901684	2.35793464961553	3.6019917058456	3.56899945574225	4.43550146340908	3.91908101894737	3.93615952196235	2.66387641504384	2.83622234188997	6.00384190559295	5.44419522936582	5.29234033965776	5.4939917100967	4.40421122675971	4.14985179880405	3.59666561320092	3.21495370339562	2.54394138094685	2.38448484452454	2.4461186096849	3.08451734744618	3.68951125448604	4.1552970361715	4.249427721441	4.39544253764736	3.46867956596895
"320770c8a745c885e679511ea7e2d0c7"	2.48801888508895	3.28141935733856	2.9218653108167	4.18351128838812	2.55371378180422	3.5653976801998	2.16604047946144	2.59328568014305	2.46501035810545	3.08376187780758	2.49705423487608	3.64355986054123	2.63517587794696	4.01345296656732	1.91336732905795	2.34409002226127	1.71014803174107	3.21553505069123	2.34369910887191	3.57362728810343	3.95656784714524	3.89439770842705	2.87733154716596	3.31974145364077	2.42366934031681	2.9160503341291	2.01084747458841	1.79968547528995	1.70867527982355	3.25907452117848	2.61637633522076	3.8983937476143	2.93996900369499	1.61192002943144	2.5517857109735	2.07428074766145	3.14965006912296	2.39057765513072	2.33206874678095	1.50990747987741	3.36474896879748	1.62280418448942	1.55357418953179	3.5712150832916	2.40858772245267	3.49719702070452	2.57508672337397	3.30612157439044	1.1542261028205
"3634bb45e119d4b1e8c4b53092158283"	2.08069275858139	4.25000768344732	1.50390293711463	3.7974463737599	1.23008197410087	3.00366075987611	1.18610960312656	2.93328330112149	1.46618259532455	3.18375608322446	4.72663479189597	4.27160807085281	0.799334354441691	3.70103625980123	1.44517440321817	2.66240101888022	2.63365418746852	4.9054432086977	1.77841955355073	4.47582322639966	2.10357021479843	3.72023009665233	4.4446257764304	5.03666230053986	3.59971211835086	4.99230362441128	1.49726222616816	4.05928503000084	2.02408447502765	4.24449334513106	0.867087882561922	3.15765127312979	4.89120543817544	1.66931797478197	4.65857769285256	2.01290475867956	5.3469508517773	4.7830636197673	4.04145539862117	1.5796689821172	2.3878251938666	0.473279507692021	0.327402660646713	2.42919791994237	1.48494259976513	3.56490091590526	1.40713958198137	3.14701197893242	1.39160821754363
"364605b7fe29f41ceb9e133ddd9a51e0"	5.62566778992913	4.43969949255369	4.81407715638975	2.08587703937131	2.24728166348869	0.896188019556969	3.95670464592285	2.02488714620392	3.58301083717229	1.43718113538933	5.18430777747867	0.38103579418499	4.18614464945908	4.23528964499026	2.93687221273369	0.529485245138535	5.48544253417431	2.27571736655774	6.87868478102065	4.47390359818445	6.41920797199856	4.69272049939207	6.44235639162085	4.09464118489191	6.93174110527254	4.07752218955208	3.04616732225405	3.17237741661891	4.21468567136497	0.924827390696388	5.42201432488438	2.13638705091276	6.01583440030007	7.04274638420765	6.10708872076452	6.74107123802617	4.04939077972095	6.88743746299905	0.0686814896793344	4.72160999992596	2.45447278562476	4.98074032602398	4.02824900731412	0.954688029190568	4.6518526066164	2.40858772245267	6.41268301029679	2.35479948304271	3.82566601791537
"3b519d90ab2d6629dbba8048b833da33"	2.24876787935815	3.52271568436644	1.3946444022913	1.91902114401717	1.42069095690768	2.01394789789114	2.56077133397158	3.45854910829746	2.13590658324834	3.23112770314779	2.17908549890835	3.20681053105677	0.630276600967509	2.32957603800363	2.52265689130195	3.42686691528373	1.72403008491919	3.18657822754902	1.83378266202071	3.97509077679331	2.09115652748448	3.24728511230175	2.51414177505634	3.43699557801411	2.24603590530286	3.43161018807035	1.34646146061817	2.65490747827745	1.92958707821796	3.14703407059416	2.01495435255809	2.90082251357095	4.0185308746241	2.17338214768234	2.97079900700878	2.28937765752993	3.34065796454903	2.26702008958384	2.66386429106825	0.884552356086942	2.89011728107524	1.10175069205749	1.10576498040289	3.05244005809803	2.12210727546777	3.82566601791537	2.28040982922071	3.85574552110289	1.04971891917319
"3be1fb00ea6b5ba04e1015e9bb7b27e3"	2.48801888508895	3.34697267206532	1.70663630843566	3.34574421893708	1.68219475794145	3.08415217893493	2.14253511313024	3.89474426405068	1.23966672874147	2.35803399088836	2.10466572028103	3.01032921790096	1.62883653656336	3.36478215611239	1.21991741078588	2.80698640498875	2.56471548396142	3.77771371031592	2.75005670980846	3.61302355907883	2.35175270972882	3.63682518604882	1.51301511389905	2.61681172066794	1.44056945551989	2.19156414281678	1.64213102090299	3.37986836001862	2.38973873486355	3.21495370339562	1.29499973318475	2.40436159373642	3.61592868906081	2.4080704208625	2.46504079049272	2.23702097944966	3.35475196641919	2.45283101631551	2.21192357141566	0.553533327219064	3.10751176841348	1.43406495808823	1.55101081179835	3.38258354747136	2.12210727546777	3.6374634153515	2.11073379208792	3.46769847569306	1.56043756617796
"3d023c295cd2089e0a98413c1acdfb92"	1.90897804931307	3.8028653118287	1.67971742251318	3.04376548464004	2.94941604667657	3.80783635607515	1.19977018568233	2.19904602859736	1.25261952963708	2.16086460391782	2.63476384005158	4.07291048483464	1.61834215176982	3.31624860332541	1.32699913651328	2.58991247755151	3.56797881377438	3.85689415416145	2.42295234224787	3.8054930951838	2.30747183340492	3.0824137419631	1.66932814700716	2.90513994715684	1.96415694482432	2.650392839279	1.28937451149193	2.71126981258631	2.14596508354701	3.15736958704255	0.14614586950682	1.06487796438846	4.21400731159069	2.61115097276207	4.26188440580837	3.04324991412288	3.73683832047011	2.44561993445662	1.57379228902497	0.520287914754996	0.677221030009686	0.245621029377808	0.10340911290936	0.37842958638172	1.87538590152875	4.80061334346963	2.23262861452984	4.46750298411132	3.74829449762657
"49a5b0874d0239bad034d0427bdb011b"	5.31813958678953	3.15252142669008	3.48306795623023	3.64424812996834	2.74185595930095	2.48184530197421	1.53399363243401	2.57373251848033	2.40281831652617	2.52265689130195	4.97871921833399	3.28561592076061	1.8461379578391	2.1498825308048	2.12251623696337	3.11871421588913	2.89070503568629	3.28503727833836	4.08410422515453	3.30209881162742	4.20853793310457	2.07436153526905	6.13028104268914	3.16174658707322	5.83460750003709	3.62049086429775	2.86348451386295	3.47977526315533	3.96569949774223	3.14642275952358	2.43132873008648	2.88336784320372	2.83613284287501	1.63815752770528	2.70749471351421	3.2063821023348	3.46297271370657	2.25658303843225	2.23956115762549	3.19301702955101	3.71874913035925	4.13040130092402	0.897148686345789	2.94571947477137	5.78199665620972	4.87479944253042	8.16021525986711	4.74390057040328	5.42696022473516
"4a239d0909a5ba2e2a368bd9ea91e1df"	7.11041217736396	7.76345150006152	6.02193869485608	6.47740919054351	6.57807090461018	6.50922491982311	5.18766412464838	5.39745310139484	5.91095031786896	6.69702551552959	6.05591539252715	5.35643135701251	5.50699975749782	6.36581197497208	5.68730187590786	5.71740525512385	6.09629130033999	6.71495536747495	8.0431609924494	8.08284422328078	7.92211154971546	8.37332009535772	5.33968673123391	6.77749498761047	5.14588911914867	7.52885807979312	5.12921050774863	6.66536682681344	6.17173053850756	6.5759448924323	6.13413756341026	6.65766971034384	7.72483977029423	6.75732793891444	7.39862203304674	7.10912136042559	6.5942403941592	6.68241093269428	5.47132395676885	4.40903960193848	6.04331098848153	5.69370338418054	4.79696444308625	5.78654791847117	5.93814418908812	5.6783354001977	6.47987302574277	5.44104298246626	4.54630098252292
"4b58b76aae81d51659f024aa375f6b6c"	2.61903718580693	3.75788961878469	3.26828275118171	4.09114110328888	3.35228581012315	4.12590128638166	2.25489813007428	4.03952935387182	2.52626434079727	3.98053648469167	2.18779357827362	3.55303796670249	1.69204318009823	3.9608827862219	2.2987943170733	3.58956042961856	2.00153945790194	3.55303796670249	2.26639433688126	4.05268812242698	2.20142983394828	3.2030817932062	3.17927391907023	4.46250463221042	2.26007417304183	4.23196072579884	1.55595211099544	2.75381649639764	2.67568326440583	3.13720796401498	3.54500316566287	3.82614567607244	4.32770639528611	2.97685256823427	4.19187046731134	3.86799136550252	3.85316644467018	2.61436935987125	2.90947588421672	1.00081531936429	3.66752710662148	1.56376249240885	1.33401505446619	3.68042809174596	3.12166899956839	5.23823333608576	3.44937249958656	5.51795577401666	2.86708857381685
"4d0732311ac5d9ad2fa1ed6b53021ad2"	3.06212184606341	4.62617651011911	2.9275789602537	3.98368130816169	2.3020029235663	3.32298535837404	1.59521545101245	3.17344099924919	2.4398107783084	3.7361857559993	3.15280183216396	4.50566869489729	2.9218653108167	4.27271492052437	2.2931274097701	2.43291635816834	3.72805112760325	4.74441199311636	3.39727683970458	5.06195977433086	3.3967127741586	4.17049251054216	3.51099304748504	4.58182990858016	3.04404136964778	4.5901712624103	2.32514186532502	4.03493798786791	2.84464429054576	3.93560417132211	3.19404446265255	3.58842715122646	4.79090582483253	3.34137115354463	4.64301766822972	3.19674080285296	5.00850035005754	4.3143351481609	3.14703407059416	1.74657502164243	3.64248362124424	2.21998470056503	2.18384153368248	3.72781322706535	3.6374634153515	4.6428007894329	4.08396690007592	4.78719303150561	2.75249366218931
"4da71a67957b54e606befad5af0e0ae0"	3.91106564730707	6.10668658843829	3.98738990622712	6.33976313840219	4.01825010549322	6.16670659277878	4.05623795755275	5.32718420613767	3.73242010174558	5.28916999158948	3.85656737632118	4.97648212456056	3.3239440578156	7.77055898146437	3.41915569487712	5.03438102601626	3.74317396534137	5.097664004269	3.85949433775483	6.22498531240522	3.79190461495225	4.91841296729636	5.34384411633041	6.47052144655242	4.87028604595749	5.5148809170607	3.58923159014554	5.69142108991385	4.46095266524941	5.78494402695882	4.23296317007996	5.94397465534287	3.58888954644409	3.39542347804947	2.45746059578794	0.814705303820231	4.63119069701875	3.55871666707566	4.85649580976188	1.27755536704772	5.16504702556086	3.12468316041094	3.47217419494557	5.25461604845966	0.41824180406214	5.15016217116457	0	5.11874174821189	2.96827515323098
"523e4923c27367ed5f95132767f75eac"	3.64301895428401	4.70438540392372	4.19279835629538	4.76721858230249	3.94890097650295	4.55485493947154	3.85263098364807	4.29386463688305	3.78516999411722	4.43511274849982	3.32141147434592	4.70210195938946	3.09022325426999	4.49325182570506	3.54278603140263	3.88553782915507	3.12466272305369	4.17920028412257	3.36227299526643	4.62782522168884	3.58022379320096	4.58336105641192	3.54048094876454	4.30648648359519	3.70858648860598	4.30378126914615	5.53109578510061	5.8585982446905	5.26025162216148	5.84938058530614	3.99136722306045	4.05714040778022	5.15935713871388	3.80377338699585	5.14470397069123	3.7488357585384	4.16319097854057	3.26385683866524	5.53081409223515	4.35227116146887	4.12747795505042	3.00860185409992	2.65540617031945	4.02587530362599	3.27328461306101	4.38176390016219	3.51326884842959	4.35605527984103	2.55205675776206
"52ce2bf56ca429438a585907ec8d6487"	0.111502912454782	2.62026441524451	1.1104305108892	3.21469831119601	0.579415614107231	2.55371378180422	1.86048265990996	4.65277425655033	2.11710948741352	3.90568125899539	0.631920502544043	2.93848550286951	0.768966366323585	2.97078644765784	1.77836736058031	4.81740878990772	1.08634400677424	2.99265253602707	0.442171766235885	3.14891351219639	0.96871125070545	2.41092833589495	0.550892132979074	2.74055611265847	0.531451441559647	3.00593009853044	0.375011398890127	1.86784281048349	0.485899123826105	2.34985724842814	1.69868337532767	4.06423469233734	3.96494477512971	1.40601071018441	4.05177966083281	0.902513865161984	3.44980340189401	2.04727985487144	2.07890990038364	0	3.25470965515722	0.872161190111893	0.68944533718473	3.01277570561275	1.59295562271113	4.12269266422425	0.69669288710644	4.25703479038076	1.25782442340836
"530015a5a78d0c869cede27c53348476"	5.37208357816542	6.18333794158837	3.19581618325468	4.60319754160389	3.60487659245476	4.46991674005194	3.27166817910388	5.02362175052602	3.78414692846094	5.64605822311323	3.8747044500252	5.02528913354857	3.22055980617544	4.95596574516679	3.93207026946498	4.37289214193428	4.45953636784359	5.54038433523722	5.03699857538283	6.43652567453582	5.37544325983604	5.66736070506995	4.95769362434034	5.99229020615772	4.86566347049442	6.05038937214689	4.3782967497936	5.48149787517056	4.25665566929296	5.31542087410345	3.71167490237191	4.20029400442864	5.95806071465299	4.54671677164389	5.84894476538736	4.90171666325507	5.52411738632346	4.92706091295465	4.85771157124934	3.14886576479173	4.25965170520415	2.95206221673522	2.8369320094767	4.23120527110092	5.04581039890321	5.3265420753991	5.12549818286342	5.31909485184904	4.1275247604516
"54fa546e378a19736f2bb544d6d98208"	1.59115825283366	3.92013267300253	1.02825241182638	3.02778722965437	0.426704611100583	2.58829960606975	1.92493163067012	3.4743704550294	2.7321887740621	4.83884947301023	2.10654831101811	3.32364152365754	0.954202896944016	2.89427053666028	2.2040284892534	3.3669465965978	3.25328266219891	4.46684193538556	2.98341487490499	4.12087365006066	2.3723934851869	4.00808121447973	3.02638271275275	5.23594396650994	2.94457581190968	4.85114393374505	1.15546730463573	3.80367168844611	1.86784281048349	4.04469824415749	1.63231424243507	3.04900286180695	3.71226848570436	1.4310980182903	3.06765769424553	1.39506330133656	5.43636610309336	4.11010307538867	2.81527553690162	0.46825084401481	1.54844084626888	1.01349910896156	0.495650055104257	2.09106497706321	2.39433330013558	3.22941655565845	2.58462709008087	2.92277699064484	0.727571795414228
"57c283fe82fd46e25aee517bdf54251e"	2.38643770299468	5.48350408152008	2.40440901226068	4.71245439017012	2.39474896472169	4.86295903766168	1.67844761044615	4.22630700802633	1.58833970223272	3.84711976712269	2.88898635422308	5.1430080324067	2.57521646981731	4.1338197301785	1.43718113538933	3.74978481299062	3.67540102684145	5.22936699415799	2.62271436506406	5.82549510673274	2.15760024496188	4.16684224689191	2.18782498368836	4.76671574191148	1.77378217499739	4.93092664173114	1.79733158279546	4.06418180563684	2.07890990038364	4.18807039670485	2.12921455602709	4.22272407123841	4.94448473654812	2.02860551115228	4.96886211122865	1.95382928122099	5.18666878906912	3.85846609836987	3.04006489859345	0.609178986570039	4.25879628932927	1.91845085558771	1.50907709962851	4.34829190097986	2.99697270390207	5.63938485736899	2.9715047427963	5.32117336676869	1.78454013912854
"5fee38761daf5711baf496c8f312b281"	4.68216687463699	5.65670196070163	2.57622896437476	3.19363534722718	2.90233710893704	3.74223726591807	3.46912443647937	4.59986829577468	4.12460919944591	5.21648488860746	4.04677345470108	4.27548514416191	2.19829178544479	3.68313222035981	3.74260835500243	4.22696459802045	4.03481251000075	4.2537531094924	4.32656191513541	5.71123902866405	4.25838525990976	4.95506064426326	5.23789728631155	5.39303737223387	5.19271904483881	5.01106320253038	4.92539778287605	6.04009850145825	5.22262584123558	5.80809808058595	3.38422652112719	4.36643724919609	5.58587860419959	4.73554351467397	5.52968834755143	4.2623017210423	5.47110402701728	4.88162319786022	5.9239323654369	3.98597589698607	4.37637752093469	3.02519374096157	2.64428649083227	4.55916535666955	4.53539309279395	5.60431661061162	4.51803257557681	5.49978973694658	4.44540989500459
"61629e0f4bbcff583e33ef20425621e6"	3.6310392755723	2.0551237463367	0.101147654004846	0.984483816950536	1.51858060386695	2.55887556465466	0.274028282251079	1.07339327922189	0.593684792256794	3.09146481869497	1.18085565004913	0.871878968503343	0.124913111698797	2.50166625308667	1.38219471905944	1.37367962889975	0.401938898331606	1.44247146029473	1.95772733596494	1.51634868448933	3.27824846328038	1.5126428307084	0.0954919814592207	1.0887639526133	0.481129012029154	2.84095973374522	0.746252781727041	0.304151946407675	1.37562565229504	1.59131976560375	0.83609534587921	1.42827808057634	4.42996412589723	2.5880486563734	4.44415238805188	2.95086795316561	0.140022777919828	0.38362841349899	0.431991485478171	0.261285991031888	0.114265746128343	0.023921583716672	0.023921583716672	0.0924333183310872	3.59602946555587	4.78837288779307	3.91300476334609	4.56022336271311	2.30110960499681
"658f3c2c703b1123c746dc1eca8140a8"	3.70707927799887	4.23694301412962	2.22596373415935	3.61960038096091	2.23312032446691	2.81858450958194	2.15305021063103	2.95403932694839	2.70996263789531	3.48822676404524	4.45935751481854	4.23736178014402	0.89074315390502	3.96669431788281	2.35803399088836	3.05658938598945	4.1450104264832	4.2537531094924	4.20978986009015	4.16160436169582	4.14144636540398	4.94179062591237	3.80043424557258	4.60964515834706	3.57709277929742	5.02235040344506	3.14458658090112	4.21342419397139	3.70621452970301	4.01358664607017	3.05129563820128	3.82085551283351	5.54426625603593	3.93847796660859	5.70326335326934	3.74359289811626	4.32874979541388	3.78689959501813	3.06491793312279	1.87658931563146	2.31162956813924	1.36230899836938	1.76092046454361	3.79042865342411	3.10346820567488	3.69578197679794	3.93508244120856	3.07334865546299	2.6011068037182
"6812394c92ee5290b49ef1d4ad05efe0"	2.54910917698593	3.22810264652695	2.21875555766399	2.99437785674551	2.76306728689778	2.78136819463831	3.38770206141914	3.68609021780847	2.99992372712682	3.38960225053301	3.29597463429162	3.755182043368	1.89531210164936	3.17545963499773	3.12862108476729	3.45642055561425	3.0586591842448	4.10094473309543	3.80811399138753	3.39501866598478	3.34221739211303	3.45692762986258	2.89133240743572	3.06373665664723	3.1848183989758	3.18964472892508	3.02291568396936	4.10039828474552	4.2887737060265	3.79763192557986	2.54108453677228	2.65455518646086	3.38193029094066	1.8730063746413	3.15279918276216	1.89327550433168	2.40122608312206	2.29769314691362	3.83640703527831	1.77106633554874	2.54013043881797	2.36761365029428	2.19603498115829	2.70194124604197	3.96745998289077	4.02839021260558	3.83352648845212	4.08131335701228	2.78798114868467
"6bf7a3c1838a5c811cd7a1a8ffa14ec1"	4.41738182139335	4.8667133365107	4.38657035880708	4.95333914135898	3.63200019248385	5.37980548296104	4.11803361450367	5.25689668243226	3.98053648469167	5.20449973034615	3.59932284075658	5.52497465744265	3.81107960880934	4.74917983320833	4.05350508491013	5.06832211460111	4.25660512501274	5.34506191606422	4.35249547580026	5.08318360108053	4.27516717671871	3.96555279599262	3.33888216492844	5.29160086124012	3.52042529890015	5.38142521801893	3.73105771249243	6.18335812062908	3.98280156695455	5.55310245456023	5.12684541930324	5.04342389111204	5.63141491531023	5.03062096346274	5.8376120028339	4.43979473345152	5.36780891367562	4.09185479866486	4.63147953972837	2.74197479917899	4.70064062567739	4.5100684794517	4.58605168662302	5.39435921043908	4.82060235285698	5.23723020527672	4.44356199458363	6.03168155225907	3.95698413390231
"6c903a2fed1635ad99e43bd743eba83e"	3.96682979525543	5.03579426296628	2.72542897821278	3.39155739931257	2.6817756963132	3.2436681398052	5.08678484556987	5.04393734054903	5.09647563680392	4.87817364528222	3.249091498701	3.51559870577213	2.77971824667355	3.50449452002043	5.10593695265215	5.22669661484934	3.3124412106771	3.48051859835443	4.20853793310457	5.01341686859517	3.56030228332667	4.28913276698472	3.79781681522631	3.74713185266767	3.95320333573846	4.06010502240038	5.91652699633366	4.78819253883379	4.85605334795371	4.64112769606548	3.28462292787639	2.96836750016991	4.36660734101879	3.80871079056922	4.02278106808551	4.10858695610936	3.79444144947336	3.87002740583612	4.65745385978801	4.90590546840059	2.35045292718602	2.19603498115829	1.64641187275818	2.49921340173652	3.29159529063579	3.4266218239608	3.50809735175171	3.27982039549556	2.32293266981747
"6d3a584a4cf1255524fef1f31e4fcfa7"	4.47582322639966	5.22886043918953	4.64061609120239	4.88028667867751	4.56985280491261	4.86491062662307	4.6497637663284	4.78961721569662	4.47385690296717	5.10381936685107	4.31716939608463	4.54370193341528	4.60079502893141	4.97728424603806	4.46379206530006	4.6341364437778	4.26315582010047	4.6842637664598	4.58249955830775	4.81342666468736	4.60263557657777	5.08464523192096	4.52846407235519	5.41912604255701	4.46462108388399	4.7883613645514	4.57507303666376	5.5303068450267	4.61697102142282	5.50899711031137	5.62110739143139	5.64415606487698	6.22817995077163	5.84877401158711	6.20975320045361	5.56732742182308	5.32532339867967	5.26760967458537	3.82344120323884	3.68716854133702	5.4789272509329	4.42464864818748	4.67557277668716	5.24144130696002	5.5540582060226	4.88365271207748	5.84665477484948	5.3870157364313	4.69993774587358
"6df9d5f7fe9bab22f3e1b86a3166135f"	5.97557828602833	5.5691356067871	4.33719361193262	5.44375685675513	4.63701394853392	5.29092022503126	4.884665057085	4.31710977530876	4.3966114941428	4.29953574305878	5.71885859009563	5.21803984797525	5.2304177365405	5.16419351273876	4.19116175742323	4.49595074535858	7.17861860084649	5.46091127323495	5.87597159065487	5.43428445670152	6.43954451678935	5.8209591250167	5.44296301636099	5.78417465971694	5.79830294878567	5.68227755928948	5.64742362813591	5.86571820929558	5.47894924664198	5.60171593161264	5.76768729504786	4.23032516142339	6.45212045976709	6.13209691055678	6.61859942504775	5.79721900330225	5.75244564663548	6.65389024352366	4.13557628079399	5.85126364552933	3.89692012898151	5.06871707779531	4.71212732137003	4.19720427848616	4.71753047397831	4.19946392880583	5.01024348401538	4.05492907810219	4.38038568905875
"70c5cf9f8a48025c75db0a33a58ce351"	4.14625748043649	2.65639796510985	2.95912378556776	1.38469933974935	4.03580207334499	1.12349350135854	3.90568125899539	0.522832650051581	3.76267865002975	0.282552187060332	3.72842271139811	0.269416263644888	3.41326214219918	1.99059325132468	3.06555418795654	0.265431095391893	4.15863367726056	1.84588458355934	4.08806872696692	2.52511901852421	3.83867777615825	3.20239678832033	3.21812354197437	0.406131552651325	3.72482799261516	0.428139425147037	1.89599365080974	0.632110786476946	3.30551187476476	0.35527296162064	3.31806175695925	0.573642664005221	4.26625755402299	4.7702827979815	4.2422843658552	4.81231642795126	0.481129012029154	2.37981461660405	0	0.830266067923065	0.15655065472505	2.6562564306202	2.11763047272898	0.114265746128343	2.80906384277772	0.764876039151746	3.30496720545756	0	1.37184852058817
"798ee29169714eebb94c08cd9e3b862b"	2.73267146155358	5.27492736581534	2.51466527025226	4.12826197488311	2.5038445242082	4.09602331898778	2.9047154490956	4.72543327266294	3.10770208958763	5.00137083791061	2.45414499107125	4.26054068920122	2.46162352257293	4.17659107051143	2.76462830956052	4.68093076611841	2.57654038276636	4.2698800903628	3.27888344696769	5.48741706640726	2.69241304218414	4.59806382551468	2.70657578134608	4.59574995460737	2.76923936941463	4.58830476088716	2.83800707105919	4.91052619521056	3.41833777554718	4.67789046073499	2.92384817291777	4.93645337561883	6.08912269554803	2.96241506835603	5.89086650064704	2.47505915531366	4.28509714449391	3.45667308424098	3.76192924516289	1.34275539773019	3.92311862078663	1.38680423111409	1.91667184544859	3.87831429722593	3.16044808813163	5.2093282387343	3.35508893846256	4.78166855421524	2.03758567956928
"7f407e913b845b0c38af608de3508886"	3.86480814082256	4.28054373024389	3.04376548464004	3.43793167289549	3.39245259052056	3.17211917171305	3.38121427608075	3.08427725730072	3.06292581388178	2.39668845397629	3.11441801276201	3.03664290414595	3.35414700318753	3.25142548982334	3.01162747286527	3.16301840436929	3.41154895213995	3.23153851355481	3.70873261934874	4.32187528912581	3.77697235646078	3.48055271468632	2.8142883315435	2.9160503341291	2.9637254774189	2.9160503341291	3.4828376126156	4.03744971364578	3.66265687797599	3.72866930816042	2.77246965265128	3.10697038227063	4.06635032108295	3.7661160591307	4.32241645594852	3.32125976291103	2.95853910354522	3.50298050607953	3.23306062324043	2.36733484182148	1.66031351960249	1.45405931235458	1.5561310131569	2.07902770606169	2.8128497594529	3.51748027043844	3.25280873605217	3.57244293649511	2.37402946376626
"8411b5eb0930fe36cdd241414b7c37d8"	3.77889925542037	1.68604907755594	2.89427053666028	1.98329607562106	3.63235222338895	1.8461379578391	4.16772379510032	1.27173948434731	3.86332673585048	0.72190274767315	4.45828372439064	3.22909305079478	2.67170843313975	1.77431485962168	3.9344951448355	0.348247633700645	3.16657992277432	2.98798937452948	3.46433764444198	2.5477913822957	4.10599465228621	4.75525635400987	4.22049545248719	2.96286294757071	4.07978407089071	2.64210268780122	3.04886760285305	2.34441748888687	3.16400079741034	1.09072829147633	3.6478580907627	1.17912565479535	1.60301895493584	3.83271811883102	1.49618052058566	3.94594810615988	3.25294096316286	4.23244570594449	0.422717427307924	1.42470176285586	0.488248671587006	3.03338757940404	2.86698086714262	0.135631685464559	4.78627440212348	1.86568999706804	5.24082010942483	1.49909969521682	4.41046723914973
"8768ee13cb3dd3b9cb529e5a7aeb9560"	4.31378961585118	4.21428386405734	6.4986249220485	4.45796469904395	4.97370121792812	4.43945043343503	3.37660918778663	3.62017364856247	3.59142388961674	4.13960681220129	3.93842654379384	3.1769515564005	6.77486854709065	5.31548016451958	3.1256593158049	3.40989745932723	4.62920951206256	3.53381677520858	4.47159516955492	4.16997185937875	4.37565585931084	3.56125998018088	3.63601650741386	3.32756160569857	3.37894836439274	3.1848183989758	4.0531301469649	4.10110469428655	5.77717872812206	4.29538552094653	3.6200439809535	3.19553247661118	4.78250920050851	5.40943185232351	4.8310363316764	4.98559968902402	3.52239974991727	4.01593967924782	2.62959808887189	2.35526757701071	3.81447015271182	3.45549836508162	3.08451734744618	3.37928947982988	4.97434429686447	4.52197360340887	5.37804742227412	4.27580308003836	3.12097506039516
"87e33cb8a787c20d43c7250047e86684"	2.09738263347186	3.52817247028597	1.69204318009823	3.07681789873841	1.28677370468639	2.52962026213116	2.35909859336645	4.42868600650734	2.24301893580623	3.91851546373488	1.16651389827868	2.93191562513693	1.48600054613721	3.17878897672828	2.3255572019763	4.23057363367018	1.26283776119266	2.89156326998584	1.17593838661968	3.53212242236711	1.61824699825541	3.36925649283715	3.35416866523238	4.09630929753169	3.30942194727796	3.78196671050827	1.04177770474254	1.79023647673019	1.85011689544677	3.06026313841225	2.37777048452301	3.63420756395716	3.57405333621416	2.45619162479962	3.69989812497972	2.06117293217649	4.73407690125841	3.12427499341683	1.7734827970699	0.132947472176155	3.35507734951526	1.03951847373538	0.897148686345789	3.49079247353954	2.27233287439494	4.20440971370528	1.96529812456899	4.08846182614394	2.64786301692931
"92523a7cc4511ffc1eb9b1309104d4bd"	2.29735956366615	4.31153194405663	1.60239114216611	3.21896462092571	1.29409546126065	3.10285378774333	1.47136640047602	3.28777146496167	1.91502758245279	3.77075094239453	2.05244797141556	3.7907137599952	0.999287226666272	3.74601422878559	1.77836736058031	2.70395127865228	3.65281850364848	4.08910016772716	2.12392327119296	3.79152450874238	2.37553151223487	3.66999653875305	2.41922080405854	4.28394649707618	2.13592820216624	4.07893646481943	2.34714106752593	4.40869354096567	2.75472161436681	4.21783242031679	1.6762915640877	3.77610969256832	3.28478400759096	2.77249359271511	3.13040598847989	2.37557102160657	3.1315909559376	2.59958858570489	2.89542773266537	2.06096667751593	2.79269338725131	0.867087882561922	0.593898505053564	2.87247308359728	2.82412226276592	3.0653079618369	4.12853907542481	2.14815290688094	1.81318430943685
"9c7d64c2b546e8e0533a514089470ea6"	4.6414056207054	5.95022024728356	2.87793951910038	4.73397290353027	4.00645598242074	4.68027056197476	3.76084682073411	5.12197973232455	4.03416295371911	5.70383754647305	3.88809459076414	4.70420451344707	2.88018224288519	5.15294769143926	4.0154550948668	4.96401452608443	4.07685144595105	5.05609254519693	4.45763155994115	5.92041031139749	4.89485414582554	5.59163082170809	4.81565555953863	5.76047277894997	4.32830935216789	5.31511204312035	5.15341564460671	5.99217364313996	4.68644784156869	5.76226985262459	4.35328753201182	5.02322853203196	5.78455289901817	4.27700470057974	5.46921621523991	3.89696528483643	4.66510374554659	4.01834505866052	5.91068629106839	4.22117807403884	4.72089920247957	3.57867625936867	3.49226706811819	4.47897064949712	5.06327976057286	5.01150206500846	5.14961455344335	4.99138609123252	4.14413080157247
"9e2d699f672429eaf2418dd814a1bd22"	4.17568416702243	5.38414143605034	3.52468795017245	4.3307370902793	4.22132553721194	4.64497274906464	3.98179730218949	4.61826102582106	4.22581353159649	5.07221143170537	4.15403227468777	5.13493995100949	3.4992812868886	4.42234560269752	4.17830440328606	4.86497619629673	4.47726203895531	5.32388871488825	3.83468045072497	5.1285282851888	4.05415103337036	4.78088467241684	4.56180120063873	5.14335744270448	4.44540980114621	4.92013784782179	4.67762599192368	5.92750090602853	5.31772456763436	5.71499027858501	4.58531109309776	5.8186405998925	5.24131174574052	3.98963368735385	5.07666351757609	3.37334021548308	4.60431081683618	4.09936029570722	4.83943060333025	3.01945026501398	5.60091954114555	4.16839666972018	4.33363006178724	5.49997475461435	4.41580612890086	4.57962072040402	4.15010163909233	4.659482749791	2.98113139766009
"9e5c4baca7e26e74e7716b2bbbdf1b6d"	4.09004509943059	5.40654496519264	2.31785195906404	4.0400252906713	2.14053899287131	4.38954598089864	1.48675850911022	3.40654339954304	1.74942556846445	4.50867893299133	1.25845530777568	4.13738840660486	1.78106161738401	4.14273289963823	1.73364047653287	3.20452940536126	2.88726471380767	4.46150164277497	3.90531431238522	5.41287632154855	3.88336061568883	4.99441680928084	1.7362467592978	4.27909926761885	1.83692402118243	4.2009228361113	2.18189738034501	5.03239488763722	2.71692312007242	5.30162787077703	0.995768972573873	2.26497304524448	4.64472693882756	2.52013156986976	4.07795623755535	1.88880662446522	4.05287826295989	2.90970041667786	3.99203200791828	0.884552356086942	1.41366265916182	0.361708255546583	0.510290480602427	1.5223712611896	2.02934752786777	3.40438775367552	2.45558699894748	2.94205593143606	0.606503735874923
"a43e03cc32847728190eed208ad921ef"	3.40065456769864	4.3285637647743	1.23396306687315	2.60613670061847	1.42389958738432	2.36018443738761	2.61081069467696	4.64176356610726	2.04984008477859	4.13294889955739	2.01399594260477	3.46177870842373	1.20248419689948	2.99903007980845	1.91336732905795	3.81265313220858	2.3008095175926	3.57666438850228	2.48661801789521	4.5248476650038	2.6797814450598	4.27516717671871	1.50933024305772	3.33353576651727	1.39609616609215	3.13231961700066	2.03714854388958	3.20289033502438	2.53503900804991	3.55202474538673	1.15653522500106	2.18792255850561	3.76233993097353	2.21625479310965	3.96690883891242	1.69953671840607	4.04822557727476	2.66328293421967	2.79462659461135	0.860788169883949	2.11617298127627	0.677221030009686	0.814886822958823	2.39115442241196	2.04981703727995	3.7695676149762	2.31052072243126	3.77895888647142	1.96750053310396
"a82135edd8624ba1f984e38878f63baf"	1.11151897127642	5.85513983680162	0.711865887293088	3.88973649584891	0.781224447620203	3.28136693899772	1.85345050261764	3.91042883541409	2.04110408833774	4.7966146109203	1.97615110415327	4.64878814016774	0.750292816540479	3.65325046299764	1.85872925120433	3.86780859650489	2.56471548396142	4.29570211265445	1.91147278883524	5.86837722198591	1.23645790330598	4.26858254870848	1.5455818250523	3.8159965691734	1.16452486535882	4.41880446256505	1.85011689544677	4.20518557249648	1.83661316550547	3.87491581082021	1.17539584491893	3.624895046094	4.66557117809538	1.43815172139236	4.81424030549847	1.91750361983501	4.16371047523152	2.26355316202029	2.56282386944218	1.00081531936429	3.68772603918661	0.814886822958823	0.607177987580577	3.73852520454599	1.62754498544313	4.39252711119887	2.80906384277772	4.12904584735905	1.74135420148074
"a85e84d66ee3eb9f8de2c7c995709e02"	4.71892815414003	4.83789116695329	6.87327230141462	5.17177208554781	7.1625741406681	5.65884790312764	4.5144897991333	3.89245058923136	4.40627364799965	4.68093076611841	4.96726811890541	4.9408752712811	7.70292594098951	4.99680962514447	4.58917156786597	3.65250803586187	6.19679999114789	4.99706510077254	5.2107242603868	5.01464841740078	5.44190390755198	4.50418403328321	5.84949018413427	5.67657364905536	5.47131475474165	5.04196340397592	5.26253846236909	4.98451944468467	4.85738014649362	5.03202380700168	6.56316846404252	5.78088589763086	5.98706734356319	6.32391086558517	5.55812100155423	6.64426535960281	5.09828896477113	5.99612069042912	4.35153847058437	6.08511935071466	5.3932589557039	6.3978031652618	6.67927459799557	5.93360744218143	4.94911727331779	4.13737071779365	5.29119816506338	4.11834932854436	4.53048784583973
"a97b1681b28638728e311ffa82af05e2"	3.03332777253111	4.79394510828712	1.40775248007835	3.58919805945527	1.08378118285415	3.03676648555452	0.892470059033809	2.28971178640648	1.18610960312656	3.21498253584447	4.27160807085281	4.35837333805751	0.999287226666272	3.85934875796366	1.14397117590881	1.50442155976762	4.10961011515913	5.3227578497955	3.78159069140922	4.73932230966922	3.44839125656652	4.27680658137298	4.3353332706817	4.85855968204813	4.22904589519944	4.54845802550348	1.72906706518941	4.77592146452231	3.35932299329192	4.53164867567815	2.17562917731626	2.96462827060449	3.58479040757434	1.55416027001073	3.63016076485359	1.64389576268037	4.92439452919975	5.02893090405909	3.50444299248452	1.82292458583362	1.86552946760841	1.09772022423025	0.65859973068175	1.93432111197049	2.58106011029482	3.72466292054336	3.21372305210723	3.33679623775457	1.14925216962759
"ab8f0e8ab623b836965384dbb7c3c6cd"	1.84715743624226	3.3967127741586	4.72575125903986	4.94086279735192	3.869673490676	4.79884649126936	3.31432003205409	4.02434976039911	3.17767367476463	4.16300459387958	2.7790937684743	4.5833482091774	3.25861178987183	5.18385418594454	2.97437328575688	4.06670962732708	3.42673386573509	4.87957824727558	2.50467798574494	3.84229789449074	2.20886006617063	2.95836700599642	2.56935502286514	3.75693054893509	2.37049604608497	3.41637495076189	2.7122142527264	4.42568140908183	3.4127311446933	4.54472407948685	2.46172587296446	3.65539673712855	5.49666655849585	3.42814059795436	5.36645607734359	3.79415805641696	4.16578576742587	3.10873501288923	4.31667178042709	2.10869337933684	3.39036374247369	0.959336811283002	0.897148686345789	3.03745945826596	2.98113139766009	4.30277896920385	3.28159549289486	4.37920285154835	2.10882557136799
"b03900de7497c2facfeb0c35f2b9162b"	2.6981023515793	3.64785871588713	1.64950057873764	2.97758383233731	1.55856768643523	2.72281039812609	2.66944706254381	3.54603825945386	3.25747022654477	4.00750449783036	2.80748640261449	3.49375954670595	1.77431485962168	3.44389888879148	3.1625420591478	3.49883488145816	2.73693822826263	3.93993112565509	2.80353733494621	3.89542621753314	2.77663016957867	3.27951802770656	2.57826796208614	3.73723619103401	2.6070062814501	4.00595587353766	2.20253865480443	3.93142918159894	2.50877664770091	3.77701482002462	3.16432100696423	2.89146171922799	4.14419372101429	2.3589164649291	3.80936727298844	2.08721896893249	4.45825824317203	3.228762787377	2.74927857703835	1.42811673509372	2.81396906085696	2.50516219737611	2.99355139717094	2.87452491283308	4.40066898126152	4.54228729620291	4.69850539864624	4.59912402473685	3.92332687527951
"b04fb851c4a7ad6a447ee82f4b72bed3"	3.64698049967214	5.06227988210631	3.23218072089061	4.47644511020992	3.17657064764273	4.71805587139941	2.73876141349768	3.92052694422581	3.12467010692127	4.42329865591692	3.01337177867367	3.79315433067884	2.89353397503544	4.72433502207394	3.1437853579168	3.88090263096711	3.56841488886857	4.30659755947847	4.4942548486129	5.22251831224365	4.36863581399225	5.07056691976789	2.08119001221395	3.59146230621042	2.56422601899226	3.76276400845461	3.77668928100759	4.77664042966623	3.56859862657105	4.13056068598577	2.86973074592041	4.00931939323295	4.3754022417522	2.52369858513178	3.70318755331486	2.66409914951834	3.79781681522631	3.26513326057746	2.47704020696447	1.48767223156422	3.7021640715355	2.58035621381729	2.11325161000438	3.47854337955712	2.90052624832539	4.02978996984428	2.98749806531969	4.05955613462959	2.56666357965046
"b568a652f9f3dde117280a0bfc3fee24"	3.97192154724169	0.874898991746358	2.87793951910038	0.846082836830659	3.16259347423162	1.19041937008487	3.57168218748637	0.769958673477259	4.278530518831	0.815810731546982	5.26275858034852	1.86522366277222	2.80418610051231	1.01387468832435	2.76107544812687	0.44657506116438	5.01508046632944	4.86143728507809	3.90089380498119	1.10595857186429	3.37734274204101	2.01774391471172	4.16785676170043	0.774266231844737	3.61421247959365	0.950305610461433	3.73241995813653	0.73267746117689	3.99648480834756	1.03674823240337	3.40975350673854	1.56881798083109	2.17674609503482	2.89841421931827	2.00496096165488	2.61115097276207	1.02492986698058	4.56267283050073	0.450285498379632	1.44501882583956	1.00023106469794	1.97040065063029	1.89142756375556	1.16412221284094	3.67525668410343	4.06037045619028	3.9611876518513	4.08290632765567	3.27507133971412
"b5c401f2ca7a2e11af17a3d9540c3098"	5.65008581379401	6.36485741725643	3.15240754961897	3.88345859961056	3.07865651791781	4.41319869801647	3.30568623833268	3.68298051453082	4.41120663945257	5.26076180226456	6.42414811581537	6.20476299403253	3.11237109929625	4.53820707457229	3.69703825539334	3.60681914578569	6.90538136347308	6.9128845616912	6.66809728431466	6.3990099415859	6.50327305068932	7.18280130581539	5.12436151942137	6.26424894827498	4.92863316801566	6.51153386598028	5.6213627978396	6.71626837401148	6.14141361537176	6.70429806021194	5.73545325222671	6.36107531878648	7.54144970182462	6.38332529073945	6.76581054755535	6.95051102308292	6.6167656091227	6.59073831521889	5.46472419486292	4.76058082887128	5.58049832306951	5.45001789004942	4.82271030737092	6.10306543482845	6.62574586520216	6.57231191289207	7.11885285275678	6.21064336926022	5.36075324117296
"b655ed61f05195db0d091c2a1bd0775a"	3.49752979638205	3.47691416137167	3.94581864482865	4.70790248089754	3.85400515178736	4.49844651943989	4.47360009161726	4.26612325167559	3.92853264816972	4.08619516255176	3.86113257724753	4.66420879781416	3.43793167289549	4.12504147062038	3.38274460490767	4.33452788189868	4.39775627271682	4.55090954601362	3.99885419451824	3.54533948522573	3.77426844491319	3.83139798491006	2.41475238986479	3.77317924139821	2.05586580515113	3.80192684986274	3.3701374783319	4.63920549738421	4.15204097946041	4.83853024262889	2.90877689499642	3.68103829239891	4.48237225172147	3.64805631375969	4.15167819034076	2.97534260998573	3.43806918443801	2.96630861218051	4.37508035251978	3.78091304448451	3.48635559816564	2.92384817291777	2.4184752271311	3.65852114360081	4.02079747889467	3.84233846622279	3.8993928598769	3.67246120932898	2.7644633002271
"b74191341143673cd358924c5decfcaa"	2.34208057608692	3.94717611091685	2.70161118170662	3.8069500039897	2.73497219668925	4.2023981233755	2.79122529005081	4.04998038142193	3.19442746444584	3.84543639371752	2.78579118491754	4.23959258790552	2.46840965287053	4.43504386410614	2.99599183986374	4.12096143605485	3.48147021670051	4.20328835028438	3.01448778418737	4.09258042371107	2.3485390484471	3.25251270818897	1.95000176695857	3.1848183989758	1.63411101263898	3.22478632340791	4.33714263836259	5.29658411032693	3.60249578916279	4.81725000733031	2.36987965650538	3.22194491040339	3.20157307188084	2.03636440206363	2.99257098193301	1.6941098884913	3.5568127026644	3.35940616760035	4.40782786422863	1.75152150551749	3.09936003886664	1.7855820951469	1.81162990468273	2.94317107044663	2.13521488564209	3.00557962880832	2.30268428807405	2.56907744057446	1.26673124205471
"b7ad5522a962087cd3ccab3a2b27593b"	5.13410413193741	4.27984407784029	4.88462238574944	5.11011428746128	3.8946222872374	4.06545336874689	4.35526818690214	3.84157800868891	4.7339821872836	4.5708135687168	5.02488278157305	4.42311363407724	4.31734283631742	4.99545969159148	4.34173345863781	3.50629553290545	4.68397803923494	4.40363620689272	5.42400926233468	4.62864855924915	5.13012455924081	5.86646958384431	5.26364103204702	5.07067998307826	5.2982198617946	5.33631617963925	4.5561384796497	4.98061978884843	5.96246634142782	5.24432075834016	5.75035306628483	5.71131814338293	5.24475421376945	5.49666655849585	5.3502120400709	5.14435862329977	4.45593440821777	4.95687158231787	4.72287480968145	4.19880165992078	4.90178911798365	4.48130257680103	4.39342653320787	5.08854566842362	4.46714174822523	3.68201333618263	5.18398297248548	3.34736922810921	3.37843357439693
"bcee579978d17340af700937b26e8469"	4.03436795748057	3.75473919580511	3.56765318482653	4.69715963097788	3.30410463068813	4.17699947051152	2.13457558842624	2.91758076809632	2.9760971092351	4.22119597043046	3.61359271055903	3.63094362051448	3.32920053848103	4.35187015198196	2.25725712848857	2.71220761374032	3.51145349430575	4.1720738267176	3.41238757063619	3.56603475482454	3.60205625032771	3.59883466278975	3.15250950098313	3.74634379337615	3.10350088741454	3.66251237789149	2.45652860850712	3.79922487695097	3.36964843973902	4.06662123080624	2.67311156011113	3.67798355885562	4.32084367732967	2.89678095283442	4.29775596215665	3.6372015594614	3.85068362823493	3.31368406053782	3.17594602715742	1.6366111530382	3.12201949038253	1.56122513154686	1.40181454752786	2.97703837638934	3.65917624944686	4.75723492031439	3.75383969881362	4.8247800772732	3.32043986301656
"c0c3bafc53de8ad4caf5cf1caa75bd23"	4.90738823980106	2.53718603699285	4.44086271682991	1.8892959568478	4.05904185697527	1.09274343391462	4.64284842167288	1.20989453621091	5.14218805635546	0.81081865443799	5.05184863603012	0.631920502544043	5.01904430571377	1.21044729947475	3.72647384552263	0.165636464930348	5.12460151422998	2.74193233036706	4.86943395295021	1.58080775287044	4.39559421489007	2.61903718580693	5.71539413101425	1.06602022406745	5.65020200527337	2.11196923337527	4.98685195948734	1.52549244890675	4.4921605905665	0.82404824189418	4.20770665470917	1.36540391736587	4.1687744397016	5.47952139914437	4.17902967722786	5.09243130690857	0.394943280648582	5.53452283833901	0.0417722628722337	2.34168647210423	0.856863393028331	3.30659581739719	4.27879149768671	0.0813357175297303	6.45313467397867	1.08223355315898	5.67881953019613	0.553650602972437	4.65903552582905
"c491d44b3356fb3d39bad2854b0ecd51"	1.54551125740161	3.95850000104678	1.55856768643523	4.09358519063913	2.03329223113484	4.33562693918118	1.05787813751174	3.05923444536706	1.14037815759873	3.13108254227004	1.40144894809151	4.08312485605287	1.13210831368452	4.50110760542574	1.07339327922189	3.44499111618581	1.75658124087844	3.69825090457689	1.5842698368291	3.84482420220929	1.61154329456093	3.09164213714841	0.758747637643894	2.86788753834318	1.30073647275824	2.94369659840687	0.979687226147219	2.93245961753765	0.990307071258294	3.2502944887274	1.0265934148793	3.20931486420062	4.08146190262555	0.937907399079076	4.06558871419319	0.746901194891311	3.0974852900042	1.68802725679433	3.76423960803217	1.01121429149598	3.63484662114127	1.03951847373538	0.776653881674644	3.57087461261045	1.1085441375023	3.48569464536026	1.02179171766559	3.42149504980409	0.516796562180768
"c849a42f77211865d7988e68a523efb6"	2.8839457105649	4.5776614052159	2.93396803386972	4.16405406575585	2.68722451065535	4.00766585716375	3.81240439565433	4.78464269643441	3.53362311744002	4.44560098411602	2.95713696479461	4.63852352742399	2.56298589266396	3.77998740782997	3.32773858848974	4.61503317639353	3.5040415339316	4.96252094151472	2.91547816020252	4.80075840844699	2.87637954407261	4.41595756425136	3.36634710422641	4.14139034870618	3.63601650741386	3.92393181325228	3.23081510713856	4.66230018164647	3.40284325979468	4.30426189816113	3.13104716854223	4.21970298022634	5.25740471166826	2.95858082599318	5.12632212536167	3.85803961175535	4.58694511369742	3.96340789562067	3.85734971053235	2.53729042854795	3.93217576749842	2.6921501289222	2.60122602221919	4.43718463582742	3.1997060532766	4.23517746714398	3.45932011558119	4.05000639319928	3.00635841559928
"c8dc76fc84d10ab38195c551e499a2bd"	4.26029032009747	5.23381547407296	1.99603139972503	3.72217072377209	1.94218106178703	3.95376198738688	1.40178574757394	2.73145580699285	1.34476065505972	3.45642055561425	1.95886021946903	3.43822145319458	1.61039845096922	4.85666754198115	1.59292878361274	2.04402457510141	2.77041636437812	4.38068047901278	3.78389188505001	5.46456270734295	4.20628050728317	5.07742070782901	2.29769314691362	4.97768294695579	2.46426166781071	4.88491106042696	1.86123235882121	4.1874228441033	2.75018780982246	4.27798469375861	3.12468316041094	4.56497887795996	5.03042743767735	2.103611578727	4.8571525289421	2.58246853502406	4.51246919927702	3.49540998965788	2.69891022515613	1.54993394994437	3.36349274535005	1.61320281628096	2.3867129833958	3.45435118589407	2.02104094488529	3.80556517683152	2.03347508708747	3.72693776116571	1.89213075937342
"ca732e25300582c2653a6a63aca6e584"	4.27140984285743	3.37676731626992	4.0743157343445	4.57754181326792	3.49201780058756	4.14294415267796	1.70540242357152	1.23640214282742	2.50626036111286	1.76689096200246	2.77235119403219	1.15683717066572	3.75881226705082	2.95705147462079	2.55728645690532	1.26857810448374	3.21180528742666	1.73226774710502	4.35704109199618	3.3853641279687	4.41473515580488	3.79114425799683	4.73334262000979	3.12574247405154	4.48422440411854	3.11912178573089	3.37647331191035	1.28545029758679	3.21609504207308	1.40396334125998	3.07449839751039	1.51972653007191	2.43436903471518	3.17035955518625	1.81926016797178	3.19552907819385	3.10798895589966	5.00548337907663	1.47474081206481	3.2812276694703	1.33401505446619	2.40545435806244	1.93081609045896	1.44838731617197	4.02726899439039	2.66881084244177	4.18423840314039	3.03777745567518	2.27718687152027
"cd2378e5fef18a772012410d956267eb"	4.31401510294409	2.01325299332911	4.21328574178567	1.56136364195162	3.01089449393389	1.79662925919637	3.38044823255551	0.432062896567824	3.93866976596368	1.10744648532402	4.6802561369075	1.54318699264515	2.83356122471519	2.01217062427861	3.67445002380491	0.536093875522391	4.71824776834282	1.31398169950826	3.91275094041917	0.6732031132616	4.34290379473086	2.50192067030975	3.92821323350687	2.17272694573582	3.40756373999577	1.94045242559749	4.36933664375192	3.8190816297906	4.78189710527552	2.74471997105706	5.05337065695928	3.09662796168702	3.21889686464686	6.02918298336973	4.00997590834341	6.74093129602536	2.49227940411741	5.5619665743529	0.995574998157566	5.30304406807313	1.44553920795506	4.11550084807239	4.36904656943211	1.20847366026058	4.34550226711143	0.407830308814445	4.75939517162603	0.448841277943715	3.45634620726121
"cd702c8b9d60aaf30e7286439ca2929b"	7.20579072407463	6.07828006971106	5.14001646980564	4.57109253260052	5.6241576949164	4.83839534666678	6.7542643786192	5.30029985012821	6.27301222193246	5.39085471925438	6.0625969681256	5.02863525180788	7.25841557312466	5.17252679346758	6.74146288361456	5.43369907752725	6.6706439305935	5.20029342782864	6.36916916031692	5.89535844639263	6.96170778483074	6.38384523295861	6.47771009070159	5.65125859885242	6.33740326345759	5.17114400445674	7.00728413129731	5.49776190149163	6.03500655184419	4.22576014727022	8.2582346391217	6.12705431981394	5.54148373268008	7.94653883261522	5.12394537208729	7.78950355039417	5.39826450629022	6.87819175272943	3.30551187476476	6.03371246451681	5.48868116432189	6.29134371600419	6.90740561285606	5.47730917755296	7.09175769567261	5.2862730440238	6.86330315350215	5.10699757479374	5.97624783799642
"d161f529afb6efb111a446cea86f32c5"	3.21465565245417	4.00685585314582	0.31666303787487	0.984483816950536	1.43663213664466	1.9629498593677	0	1.22323616859889	0.536093875522391	1.76881286481123	1.40144894809151	2.66426827474706	0.225377055186412	2.57521646981731	1.72965496125341	1.29667704616691	0.326782586073696	2.25485596572582	3.86974234340286	3.16398004933051	4.36306994921799	3.78504049910252	0.300622976584581	0.99451024006759	0.812040710500356	2.27563518462745	0.216499931261782	0.261285991031888	0.792365622240539	1.2120463255683	0.538943582665884	0.74267754690262	3.44905847946242	1.7850721589282	3.89756632943639	1.55728488015677	0.406131552651325	0.616104136061633	0	0	0	0.264381459330454	0.273631321354119	0.0356711516762793	2.50819274524145	3.95246067010315	3.05794170947711	3.70162527986825	1.26673124205471
"d28e8a94d61d4f56a50038fae9d5034c"	4.25910008285086	6.02403546855446	3.30946615641936	4.7319824243189	3.31528249421718	4.53521504809987	3.82746522681177	5.13266657907536	4.00155126574132	5.65153012402997	4.83733880855162	5.03589724052032	2.61103550276453	4.57548804764096	3.83964321910069	4.59692105527305	4.78964309363306	5.64393685350661	4.07498304862097	6.0245246785556	4.47409572691464	5.61608685999299	4.43833135088435	5.57401769372081	4.36930860226583	5.33824359999411	3.43451316291895	5.4833312374762	4.14124545077024	5.54380177602522	3.6560223998643	4.80115246708258	5.90185761731087	3.50930831146091	5.68467327128607	3.63564121691917	5.6443116244892	4.90701104802742	4.13784780697616	2.05187286906598	3.7752773096044	2.64342598740425	2.35620595150139	4.17883360106756	4.56564027303748	5.70472531004719	4.62737604086523	5.87961685738543	2.6445149809343
"d30e91529ed00acef85a1d231919277a"	1.26063192687406	3.2603032168984	1.34389951573463	2.75632848825321	0.959313822204729	3.16033888482688	0.642232761758396	2.20774911074029	0.937559734496721	2.72261803965761	1.45698113048477	2.88208193652262	1.05640217838302	2.71491326299018	0.743546525493722	2.53165123111522	2.52219119490527	3.69133493694694	2.09944941751894	3.57362728810343	1.20665590159901	2.52646701164799	0.869660233945842	2.9366349223658	0.841265416012402	2.29601354761101	0.683657798453578	2.76551960731976	1.11898828097092	2.46623355433048	1.0265934148793	2.41307045416912	3.10085767157383	1.15110226674403	3.1515329913196	1.16966082360819	2.82027708917731	1.89128801194296	1.87658931563146	0.0686814896793344	1.90593080535749	0.593898505053564	0.517531091780994	2.16457339305061	1.11372419314332	3.44837227372775	0.920544073578207	3.05052079252126	0.862481432894621
"d8fc46fe60412fa6dd9b92b04531397e"	3.04782844305105	3.16255488142847	2.17890727972488	3.5363787040703	1.79442009329337	3.05448667701358	4.45519581987643	3.83478980405978	4.31289595904952	3.8933686905688	2.77331720683044	3.68708484476544	2.44445394471089	3.39334698107793	3.53821506925865	3.74367478919237	3.91588991927048	3.99776280764246	2.62515832729579	3.32296686708548	2.69696707621341	3.13361649759724	3.25745017532796	3.30330152855059	3.60517442331446	3.55394994171816	1.95808318467244	3.83271963437792	2.33344838382608	3.12977449818163	3.06041453436052	2.9589930788853	3.96353950690314	2.38106146691479	3.55519307805153	2.52488476834507	3.19239220938922	2.79610381255454	2.05733907177189	0.585708952396034	2.3721405395393	1.91310430229442	1.47366171640839	2.78225807302769	2.31208066699564	3.66200905687108	2.36223945602633	3.53964646261177	2.47298925219364
"db06b90a6dfab8087146992ceaa28c85"	4.74402657934704	4.36457150135638	3.05134529945243	4.91747984452582	2.78219214886923	4.21151222338925	4.11159896188216	4.04506425795363	4.57232725308812	4.01646984581181	3.59932284075658	4.35102501206745	3.39468706882314	5.33836540564204	4.2632746156422	3.30030391092334	3.57882404578589	4.12497107904315	3.3756154704296	4.24856445393988	3.63504846882663	4.2638525553824	4.55953140100301	5.14627803957917	4.64813101157759	4.66965464316423	3.64721158110599	4.21426535568957	3.41319956641865	4.7525146215094	3.71521827194024	3.49631102700333	5.06495284613643	5.59345731478075	4.69482732652322	4.871208232309	4.98809925442996	4.39415651926628	2.97108798229613	1.66928237117892	2.81033298540007	3.28914657285641	2.70841580092911	2.97580427339896	3.07553039747321	3.73748579186452	3.95276287177598	3.49050339063566	2.18422218924665
"dd4d62f0fcc8ec0903febae018591bbd"	4.71561407140111	1.21168498883276	3.03931724752863	0.136587343446669	3.04819402253252	0	3.84975935613973	0	1.00983389688151	0.0862437491053853	3.99321176382691	0.326782586073696	4.21072298223801	0.549146894080271	1.89152938657264	0.146371356345521	5.60118140747527	0.208557692985791	4.12442280881709	1.21168498883276	6.03522718968147	1.11151897127642	4.58728519884417	1.1851568900683	4.01503616820762	0.917490012449637	3.68574319117876	0.545325016698969	1.77106633554874	0.314587357227762	4.17362875152407	0.645990057253149	2.72414478562667	5.24904070055578	1.6059947916911	5.53536983484749	0.417196030983863	6.13546402019358	0.459308514860155	4.14890430428936	0.0587640685306927	2.55528783489924	2.80302092935998	0.442651702561981	3.33791446303684	0	4.18063613577094	0	2.04372005907198
"e20817244b46c670c71747741d2b787f"	3.45480035834548	0.936207862418509	3.13229955320652	1.69936636395508	3.2626951788152	0.426704611100583	3.19211726668109	1.47136640047602	2.27824137453304	0.732783192080305	2.84861877458475	2.14889763919438	1.80760247015481	2.01217062427861	2.63854905760978	1.58141635003372	3.42270704787004	2.08179377301329	4.53718824976242	1.36916702204679	3.73723218929192	2.7435726095906	4.39950425731865	1.29159899228057	4.16759812185033	1.4981934536173	4.87804830110027	1.57673495250509	3.43634522861137	1.68785899829711	2.9589930788853	1.36540391736587	0.696545400066098	3.28533831898221	0	4.01426253988686	1.14876660132883	3.07691125849685	1.17321963611323	1.88741595269871	1.20485191779243	3.39686886044953	3.09608064939824	0.309798198016489	3.3534397242741	1.719041095238	3.20737603502321	1.08755134130868	3.20226925593197
"e82bb37f070749cdaed7a1c57bea0c00"	4.1123590885502	4.61221895494335	4.19720969199272	4.08287596521929	5.04251515464203	5.00102765485094	4.01788876942653	3.10518233062651	4.3567126856565	4.26422506290821	5.12781512563939	4.05565120332645	4.63171586108493	4.68384346411317	4.54759047871064	2.82784407293099	5.12082381615201	4.95230310930369	5.01677207216268	4.80200480036322	4.67370598236546	4.9077618460831	5.75899893004075	5.82572809398698	5.84147038365234	5.18311468640907	4.20242421267988	4.50717154952058	4.74907283942669	4.43970468431309	2.069903700741	2.01172129755905	5.12262250860494	4.77429155235121	4.59662350695463	5.10283671945421	5.35959636245033	5.59633014304648	3.48108884712994	3.55202474538673	1.85611516115338	1.48743184732784	1.45688329156018	2.01172129755905	4.17363474066268	4.33524902395946	5.0081423225567	4.52641005546073	2.22415468486678
"e87769322927d0b013030079f61bb52b"	2.11988566481569	4.02357436222214	1.70904792560017	2.86740645126467	1.65205381693525	2.99504378660123	1.47909206912681	2.96860565116365	1.80093243530523	2.39771271068038	1.73499862340629	3.83409216618982	1.40775248007835	3.06757375057559	1.66149150771966	2.10894415302231	2.31922389714639	3.1878548101148	2.10357021479843	4.33100504021467	1.81749316571873	3.20513399696557	2.86503685574868	4.2249019535522	2.61803066778008	3.70325069141291	2.24107440999131	3.48065117749961	2.53841424081027	3.2341814932392	2.40326763397008	3.5198789764563	3.75958467203191	2.23543880124311	4.25244847486032	2.02860551115228	4.46462108388399	3.32696222193326	3.49887034365446	1.65035411051706	4.06714130267692	2.02299155331788	2.38225172996186	3.84003074741816	3.50100193148644	4.97173007250361	3.58124368536309	5.11940063076684	2.44335939232815
"e8eb738af4ffd9575fc4ec2fe5235244"	4.43391664411659	4.11291060827328	2.85752539643786	2.83746546742315	2.72281039812609	2.97893778227653	4.07036817891163	3.52005267187773	3.94500814465952	4.04506425795363	2.66963780117575	3.12534198643495	3.20503204035155	2.98769405345134	3.69954779446331	4.33879867522316	3.62395685922949	3.1164753683539	3.20239678832033	4.22887420226517	3.60846845571303	3.73159688316268	3.27969619223111	2.72425813994642	3.16668528597189	2.79304064849968	3.62396630281125	3.79411847489156	4.04594269765462	4.61486096830997	3.74741259619297	3.16534318290716	4.06584264761135	4.51140981660693	4.16210934213543	4.31393353684061	2.60823723227537	3.7846259023757	3.24476756212357	4.57360661634259	2.66218809598085	1.7876100389037	2.01172129755905	2.52570864410825	4.17508733248694	3.95215837707686	4.68798664325902	3.94913041019438	3.55505544725347
"ea374f62f1b0fb8f39fe4db2e09e5fe8"	5.13340884896332	4.10460570285471	2.84908756166975	3.27333541125848	3.71830244616282	3.5313294824017	2.91331069277084	2.04838937492437	3.06660360629402	3.27124088670777	4.33979948672112	4.08780422074096	4.58503640486654	3.42848207905065	3.41768012515249	2.44177191349658	5.85924041393308	4.46399732874049	5.32505413720346	4.24252847625468	5.58292158350839	4.33476623669027	4.5773754668366	4.16863228012535	4.45535260471507	4.35031277446213	3.76292005435536	3.2886811395671	3.26777813512998	3.28015833846167	4.57213601664825	3.15093675508	4.34148488733905	4.7047943562312	4.58384913927641	4.44970261944602	4.87488735150077	5.28747328141547	1.98383593074003	3.49456245885912	2.42599316730393	3.75678737058332	3.57968939287557	2.58766478218199	4.64461771956952	3.92176975120284	5.1795627040151	3.94457119906116	4.11115421831304
"ea71545441bfdf2b025c0d18ae2102fe"	4.11923131856698	5.60430594030451	4.19159187971462	4.64867378179956	3.9739740882825	5.19357837992324	3.58675871249387	5.01034571884006	3.5369052332473	4.58859937534207	2.40233992613104	4.40985773169969	3.72023845541275	4.24982100569338	3.45784009403244	4.62512719352389	3.36935921697999	4.8304512911055	4.46172445980535	5.80199580291068	4.2817087308736	5.51493036011371	2.81128044935077	3.9822652294824	2.61803066778008	3.59605393498217	2.97108798229613	3.95131204317033	3.30394597222354	3.83702028233493	2.74950847315498	3.79615368744543	4.88193063403381	3.12716562933759	4.88674639050988	3.09215637816819	4.155627790639	3.51943660954334	3.29555282566869	2.87718525238498	3.47517651218282	1.93781389120319	1.84469973993855	3.15868028598252	7.17496695727106	5.38514193609024	7.00924263884645	5.01995630485686	6.17294138055694
"eac3c5e27f8baab2f98302a86ec4aadc"	1.08340253794833	3.32539354670461	1.2977363341381	2.16373615870013	1.2064736745415	2.145221674511	2.47832084423316	3.71830790805469	2.91392182100642	3.88876973149274	1.91427794165126	3.56666944636062	1.87511591118375	3.51602702330374	2.39566314709467	3.65279989436868	2.35506558238664	3.14816662418774	2.05943090775178	2.88488746885983	1.53103627413598	2.89518869336781	1.0887639526133	2.63852861844356	1.47554073863409	2.48673830461697	2.09653683097097	2.79114326708341	2.00703306686974	2.86429565678229	0.825547308545849	2.62693413981295	2.03636440206363	0.554057512157991	3.09952392919427	0.465141829828828	2.5958590019458	2.23894217068809	2.74105806466872	1.88093404647866	2.44716670642046	0.959336811283002	0.931114317623171	2.1687336491586	1.59295562271113	2.85810014152176	1.60567243190227	2.89705868382261	0.648509582540956
"eed82158b96970d8cd74068c0c038e15"	1.79255032308735	1.54191210713624	2.01217062427861	2.03329223113484	2.49729542436122	2.18790068911578	2.29992385503946	1.93636372662016	2.3622856173757	1.82117910321009	2.60778630521476	2.31465199421218	2.0454102402077	2.38254118153164	2.5135809185503	1.71962112019515	2.03239448241994	2.23850726572076	1.83647196592074	1.22166791825748	1.97424323508763	2.30074169497946	2.76082606261048	3.26257878541763	3.27717869467962	3.33174726279641	2.29551334703707	2.65490747827745	2.85205888142332	2.72906340254728	2.70437411925189	2.45758769554635	2.63266781723073	2.79536657601969	2.95858082599318	2.53666985041898	4.03973700981406	2.93397388426604	2.00703306686974	1.02661275885349	2.28734505125627	1.9516642765505	1.69868337532767	2.62955626568374	2.01686163453833	1.8558991608437	2.35180792545381	1.45233675087997	1.7604779305946
"f96582834ed9baa309cdf2ec242ba189"	2.25408851572376	3.95978603274928	2.08090734186965	3.08171339084164	2.2926403071255	2.596266508346	1.37936440434117	2.6553049759802	1.6593516356508	2.96976184240111	1.87475473688025	3.08727992938862	0.89074315390502	3.23112983684292	1.35932467671817	2.45635910188971	1.63468061759824	3.19674554669334	1.92876384489262	4.40036220597731	2.86010880835665	3.27697728501128	3.0448366740603	3.35124704475252	2.34681248256905	3.10350088741454	2.74836851679758	2.92409345821437	2.31676577023169	3.12666083800826	1.56881798083109	2.74251603798349	3.60672877205606	1.67765042618781	3.27082541184865	2.36449885997625	3.07614106805572	2.46141623093973	2.53503900804991	1.02661275885349	3.79696888040581	2.14208823537732	1.21208233303107	3.4435802374045	2.63553169328564	3.96417938325201	2.83987720875417	3.4657334027966	2.17889403931808
"fcb001ffc9ad1b39d83612b4a575c89e"	4.99475928114975	2.38022016617879	3.41194673314729	0.541434360070708	4.10483946424142	0.571933893311887	5.25630975279232	1.26540669859307	4.75484623815579	0.825720739608313	5.50373725761571	0.0744579109180097	3.21416374041538	1.03772398625767	4.50557423436976	1.45046797193579	4.40966976824186	3.72059030796242	3.76063812059459	0.909422398782956	4.81465737623482	3.60709786880194	7.32239127234046	2.22279485344775	7.05217661039495	1.53123850483865	4.76021559114353	2.23804561185601	5.51399487217573	1.58259442837722	4.89646617038648	2.00195893955442	0	4.81038884196351	0.0851092357321053	4.27474087803952	0.541219029085784	5.70610710394398	1.61138761053691	4.20306212668077	1.66490478531386	3.62101607843494	3.66628971643146	1.70530430116192	4.16144704360261	0.375929185604877	3.80696448860852	0.875678715306986	4.38901734263601
"fe9ff29232c0e03e1062d16ecbd06748"	3.02681491416388	5.01654874181552	3.24626061517194	3.59176718902887	2.95011259059321	3.69046519616018	1.9508726724851	3.3669465965978	2.37073502263866	3.37082284413236	2.45944524175013	4.70434452666071	1.953562934509	3.78574036273475	1.72163595880973	3.17767367476463	2.7319190598664	4.36370175497069	3.86233187951454	5.2718175731146	3.22609708866851	4.25144883304479	2.92146121117871	4.09185479866486	2.88668720046589	3.9126468108211	2.78677197518853	3.90141839478063	3.03529268861743	3.97027083785833	2.82048086426038	3.8053538561049	5.34499728667025	3.92599971457967	5.64913726008368	3.7958224819386	4.46596558826754	3.53999654187069	3.79795071891828	1.960087882615	3.87931539589222	2.47403863966265	1.7525628891169	3.90548578428364	2.35030878392109	3.85940116575711	2.83434493885537	3.85641117853522	1.8897557352403
"ff8ff7196966a8d81adf292586bfe0aa"	2.2854312026948	4.09567044951161	1.98695131955476	2.41278567660265	1.90921059795758	2.58228249766056	1.44782469030661	2.90840817494478	1.27803241816756	2.69029212229162	2.59286379129309	4.26032245261128	2.12158586154245	2.88613836527668	1.26540669859307	2.70093199333307	2.78769652253279	4.2895738436432	2.23804091850716	4.17723642258723	2.40486167822301	3.31320082863685	1.84750948433255	2.94017199378195	1.62428711528431	3.09067420374457	1.37202630479133	2.44672855292141	1.48445501990068	2.6598933863247	2.86560308685787	3.74340871336507	3.97556076346934	1.98685327909551	4.1027311958903	2.0963591288943	2.6851636233154	1.77943381953742	1.99162825233533	0.94160363984644	4.95308866373355	2.47709328815544	3.0632472201144	4.3067497969706	3.69656305946901	4.82629493288727	3.93014956223593	5.16465577116179	3.61696102162934
