"sample_002Cb"	"sample_002Co"	"sample_008Ab"	"sample_008Ao"	"sample_012Ab"	"sample_012Ao"	"sample_016Bb"	"sample_016Bo"	"sample_016Cb"	"sample_016Co"	"sample_020Bb"	"sample_020Bo"	"sample_020Cb"	"sample_020Co"	"sample_020Db"	"sample_020Do"	"sample_021Ab"	"sample_021Ao"	"sample_024Bb"	"sample_024Bo"	"sample_028Ab"	"sample_028Ao"	"sample_029Db"	"sample_029Do"	"sample_032Ab"	"sample_032Ao"	"sample_032Bb"	"sample_032Bo"	"sample_040Bb"	"sample_040Bo"	"sample_040Db"	"sample_040Do"	"sample_043Cb"	"sample_043Co"	"sample_056Ab"	"sample_056Ao"	"sample_088Ab"	"sample_088Ao"	"sample_088Bb"	"sample_088Bo"	"sample_088Cb"	"sample_088Co"	"sample_106Bb"	"sample_106Bo"	"sample_16_1_1"	"sample_16_1_4"	"sample_16_2_1"	"sample_16_2_4"	"sample_18_0_14"	"sample_18_0_17"	"sample_40_2_1"	"sample_40_2_4"	"sample_7_1_1"	"sample_7_1_4"	"sample_7_2_1"	"sample_7_2_4"	"sample_8_0_12"	"sample_8_0_15"	"sample_8_0_4"	"sample_8_0_6"	"sample_8_0_9"	"sample_CFAb"	"sample_CFAo"	"sample_CFBb"	"sample_CFBo"	"sample_CFCb"	"sample_CFCo"
"03f20837ac22d72ee3fafdf1f4e68653"	2.13194990382348	3.86233187951454	1.65205381693525	2.89941133310319	1.21834749167933	2.96256812234554	1.32100782695699	3.2492032636718	1.69512099095913	3.680428999384	2.03987812981206	3.92640760915742	3.71771080736259	4.55580702768887	2.19031006040001	4.60181115074062	2.44747992647222	4.64804785815449	1.08827234859379	3.55442377732752	1.88128720530663	3.09910887755987	4.06789620087321	4.97744149190681	2.81873760367199	4.16997185937875	2.30242848073099	3.92380320560324	2.32582298946122	4.59000172434022	2.07701359660517	5.08545824868435	2.24107440999131	4.3279919545408	2.50297501267873	4.3462103458861	2.2979624249086	3.71178119575911	2.01459097186014	3.9047292706966	1.7256730841002	3.01496905451481	2.51988118117057	3.32025175258886	5.39723498625512	3.24404379762775	4.55935139491397	3.29964361114716	4.97202889887773	4.25592613587245	3.30394597222354	1.16881101060287	3.28914657285641	1.32117833992793	1.21208233303107	3.21467782558665	3.93508244120856	5.05347825947849	4.10572370681808	5.54862110202878	3.31645136407995	2.49084100660952	4.5331802277201	3.84015640874545	4.49469635290977	3.47970488073656	4.20405205606512
"094460b06f8e9ea03e474cce4556813c"	0.264913320554078	5.4222988233506	0.0890497148335058	4.3820902576499	1.33693472233056	4.90276815800722	3.00774142417658	4.16458013678918	3.23998587162876	4.91658715891183	2.7480175585242	6.12954361337158	5.28182674051557	6.48773876280042	1.87262891198502	6.24568936055079	1.34265068105334	4.82277007958731	0.0890497148335058	4.99473898120963	3.66872233249207	3.95992954121775	2.93766662477144	5.04539903842145	2.56349144907553	5.72183149993124	0.853597972935684	4.45919273580229	0.943828074867243	5.15691450359881	1.47554073863409	5.13856871393447	1.82750829697153	4.99680101353254	1.44501882583956	4.92951838689916	2.08630543120116	5.80454985801345	2.45326117195245	6.00260733501838	2.30493832197754	5.97828224104508	0.620283434036384	4.23190880156101	5.43235280462031	2.33912895735152	5.10346661011545	2.21463938874752	5.64212335960277	3.85528967769688	3.44045514541111	0.107734495536399	3.46840857801928	0.18713080712185	0	4.05189172471114	0.386676366655982	3.86205144768806	0.727571795414228	3.86337395930109	0	2.51326473145303	6.32510926148169	5.5309685368716	6.0222683798026	5.64453980084294	6.23818392764209
"0fdedf0154a40d89a1517a791566c30f"	1.19141508518839	3.80474300429176	0.969457969333098	2.98298866763787	0.743989998498214	2.33345371665651	1.11854464611106	2.95872367586814	1.56507298245684	2.89666745390293	0.697264691963235	4.48347566041943	3.48993888334477	4.69100822822298	0.985973498661941	4.39962217127354	1.7777078730051	4.09323594793631	0.345329325123889	2.92114880375379	0.780331250970541	2.29653140635221	2.58240080661375	4.53826192590248	1.58771997610404	3.34162138900859	1.14959940285395	3.56603475482454	1.57712131095756	3.89785105607001	0.8972709980369	3.35649983131222	1.27755536704772	3.82095234614337	2.37132511918499	3.9586673642412	1.75922250332295	4.21638931864717	1.46894290142978	3.59784307858375	1.99819352457931	3.97158127065314	1.96871177625298	3.46727612230246	3.93530064668687	1.68041255225368	3.94250728219862	1.0527623976559	4.33160795769699	3.01087701088044	3.71491075562617	1.52239482585082	3.33415528474803	1.66719253739376	1.23346509950157	3.3110213661184	1.5735719498074	4.11166987514135	1.70769501850996	4.23677089398633	1.20265033024245	1.77185739698739	4.08580769329414	3.14562085495845	4.50483542006658	4.05280272534416	4.60460250488766
"11074d6de8f52614cf4abf36c8fc3559"	4.08608844071877	4.18803526471399	3.55061157631824	4.15386826452349	3.6252879510798	3.30556971813187	3.22174139519697	3.76450712986154	3.46349818221951	3.61866504220733	3.67400944144721	4.78326294735039	4.09765235211477	4.06605358661528	4.08265267774439	3.85039225263164	4.49173941547057	4.17540582791233	3.40887069964579	3.58182110907026	2.96396747188395	3.48166895120745	4.37466359389729	4.58996273667128	2.36608773404305	4.30176545105288	3.09926794018719	4.25599881966538	3.76508789730445	3.83565586789635	3.48317667448207	3.41032559248903	3.52475402901048	3.893628010153	3.60249578916279	4.42653177408102	4.53123382987672	4.29184724482652	3.69070428809116	4.05227004751472	3.91728434030013	4.81791166282835	4.41678790002317	4.54653781581979	4.22316061341078	4.20034029608612	4.18962959019497	3.3148238375775	3.96847138947881	4.01080895591882	2.91334337823342	1.35749794568765	4.08460949653106	3.15249026567223	3.46462872760741	3.88131459163639	3.02486962777549	4.02051515639338	3.28513626265602	3.7512557643574	2.62646697410454	4.28411651796081	4.4779115583722	1.76407030479067	3.8917478056872	4.02846512468006	4.00352039851764
"143e6bd05c944e61c95ff5da42592ddf"	1.66714156649247	4.51031691978285	2.60515405380016	4.79202665284937	2.00860657278707	3.81166816268138	2.39975808214574	3.09860108749982	2.01292560006778	3.32733459995962	1.02117097221825	4.26134760968546	3.59018577673197	4.97543596273766	1.79861259946236	4.2983479707488	3.65041145759839	3.79732435815162	2.01926084475167	4.56626271177037	2.09795228092632	2.83448059957218	2.91278317976243	3.99235613246436	1.56683829721528	4.36863581399225	1.58771997610404	3.08009327473185	2.21917087482767	4.21286066245431	2.24780150408262	4.25687290834221	0.866782369862384	2.9422574961986	0.82404824189418	3.08787234295476	2.92378611683866	3.82323506947356	2.94325090526501	3.58632887577078	2.79829910940478	4.72994490057239	0.15655065472505	1.47088478914267	5.28366384621796	3.09081097202312	5.28291233603345	3.39740707418036	3.98599439682657	2.9926174274538	1.88309935358744	0.422717427307924	1.55868131610364	0.0924333183310872	0.114265746128343	1.65106726095639	2.96178451391419	3.67685059662013	3.37520871622468	3.4871396985217	1.70769501850996	3.18603026715872	4.36908596420855	3.08837599241809	4.88741273099858	4.29661731915274	4.4557321044058
"1e3b4ef47aa1250abdaa64be54b7917d"	4.56282911116604	5.58722257191768	4.25266425391581	4.28763051199203	4.05812256176565	4.68642279220834	3.67929289958614	4.31063123209759	3.85763657432694	4.50756235159594	4.59455888474211	4.83862294236628	4.40354568023794	5.22741364912873	4.01742096838481	4.73693733324658	4.87463105603193	5.23687516685587	3.55594459781195	4.49459018358868	4.00525054531544	4.63817516953332	4.77095746859625	5.26595738466353	5.70671283030054	5.80768215281031	6.0414178298308	5.82961445565287	5.42480771660821	6.09477288348561	5.52644646932155	5.97240404436924	5.53531168360494	6.8234021232443	5.60140094334107	6.20512503194402	5.43186385905856	6.05932443701362	5.53571878960895	5.83270993543209	5.28819308856694	5.96123680767784	3.58943045871631	4.15481568206163	5.78519002896422	4.77291535487446	5.81074717891518	4.77990181199153	5.84630928690571	5.68902308881233	4.50450187801898	3.38035242733184	2.714046851865	1.74624854746125	1.72921274093126	2.97456864551633	4.70905650354968	4.95467992101837	5.13248792806317	4.9653840047163	3.60974858059325	5.19074747869057	5.86535968087177	4.77540094275833	5.6711305418815	5.60269028855725	5.82823418813367
"2656962ed64a62239535400900e8dc9d"	4.05794461629496	4.92651082959818	3.27182229201234	3.98788334842568	2.82412837690315	3.656691433505	3.2998886833317	4.63784831225067	3.23112770314779	4.43990584423373	5.04594186981877	4.79564167501193	4.86253798890476	4.61314772067278	5.53313241220792	4.73889935905277	4.20720885400083	4.48913849083925	3.0998609558165	4.52762369350876	3.05976261871702	4.20183563163756	4.16369492535685	4.99256256166878	4.06635572011463	4.98880643537897	4.19618538602529	5.0899517504208	3.52731888876791	4.97756787719204	3.88900409142256	5.15575964462083	3.07875370963859	4.62953868752356	3.41833777554718	4.78937592492882	4.42235346662138	4.79165971138735	4.1453091859367	4.44856807051296	4.22432402922079	4.61726929567048	3.06211510852375	3.43073514808374	4.74601543702465	2.97911323924362	4.60361754125885	2.44854379572911	4.33489571819134	3.59559571968156	4.20941898474754	2.51798981667819	3.48078167658831	2.76563648635509	2.64514625443072	4.24881961800522	3.66039129253209	4.65963178000953	3.73598572514028	4.61576609059189	2.84263190861955	4.38872713609173	4.94576977905756	3.80048791067552	4.70430540463149	4.80048220023902	5.06658024606313
"30471b8b9f4a392ba46fff86cf84c5d3"	3.46644474526154	4.60920253512971	2.96942140854919	3.57177510996936	2.91827763061653	3.82132962180039	3.49440000880342	4.151551365632	3.76215561254939	4.71095311641623	4.66752838194325	5.46519873475811	4.84996309755269	5.191470591398	3.90793859557091	5.22741364912873	3.44465653581819	3.78896684123463	2.51035101226393	4.34533548447687	3.66958358039647	4.32414329196001	3.65521976973773	3.98577185596256	4.2638525553824	4.63439301917699	3.83212835346049	4.69457139671554	2.26874905641358	3.38970492901684	2.35793464961553	3.6019917058456	3.56899945574225	4.43550146340908	3.91908101894737	3.93615952196235	4.36577808914023	5.62666425316789	4.51268114303242	5.40011861552455	4.23143714793126	4.49494541455256	2.66387641504384	2.83622234188997	6.00384190559295	5.44419522936582	5.29234033965776	5.4939917100967	4.40421122675971	4.14985179880405	3.59666561320092	3.21495370339562	2.54394138094685	2.38448484452454	2.4461186096849	3.08451734744618	3.68951125448604	4.1552970361715	4.249427721441	4.39544253764736	3.46867956596895	3.58122653512848	4.42670693634506	4.525139824905	5.00264715368766	4.26698866537296	4.90017533911151
"364605b7fe29f41ceb9e133ddd9a51e0"	5.62566778992913	4.43969949255369	4.81407715638975	2.08587703937131	2.24728166348869	0.896188019556969	3.95670464592285	2.02488714620392	3.58301083717229	1.43718113538933	7.74583085193109	2.8557858341603	5.84021625294828	3.02785632641424	6.446083670644	3.07330201828138	5.18430777747867	0.38103579418499	4.18614464945908	4.23528964499026	2.93687221273369	0.529485245138535	5.48544253417431	2.27571736655774	6.87868478102065	4.47390359818445	6.41920797199856	4.69272049939207	6.44235639162085	4.09464118489191	6.93174110527254	4.07752218955208	3.04616732225405	3.17237741661891	4.21468567136497	0.924827390696388	5.22020781412524	0.443043447662953	4.95199903584082	1.79458214838497	4.43482399738337	1.39403433013011	5.42201432488438	2.13638705091276	6.01583440030007	7.04274638420765	6.10708872076452	6.74107123802617	4.04939077972095	6.88743746299905	0.0686814896793344	4.72160999992596	2.45447278562476	4.98074032602398	4.02824900731412	0.954688029190568	4.6518526066164	2.40858772245267	6.41268301029679	2.35479948304271	3.82566601791537	4.27294263990807	1.47269405106714	4.7166246159754	1.27260817191598	2.57651240090347	1.60633229499259
"3be1fb00ea6b5ba04e1015e9bb7b27e3"	2.48801888508895	3.34697267206532	1.70663630843566	3.34574421893708	1.68219475794145	3.08415217893493	2.14253511313024	3.89474426405068	1.23966672874147	2.35803399088836	2.76428660483626	3.36144967100341	2.76529468531207	4.17856413463834	2.10435364237605	4.03964103855439	2.10466572028103	3.01032921790096	1.62883653656336	3.36478215611239	1.21991741078588	2.80698640498875	2.56471548396142	3.77771371031592	2.75005670980846	3.61302355907883	2.35175270972882	3.63682518604882	1.51301511389905	2.61681172066794	1.44056945551989	2.19156414281678	1.64213102090299	3.37986836001862	2.38973873486355	3.21495370339562	2.67658292555012	3.70494766617298	2.52410973458077	4.38939914083967	2.87389113994505	4.19902194459751	1.29499973318475	2.40436159373642	3.61592868906081	2.4080704208625	2.46504079049272	2.23702097944966	3.35475196641919	2.45283101631551	2.21192357141566	0.553533327219064	3.10751176841348	1.43406495808823	1.55101081179835	3.38258354747136	2.12210727546777	3.6374634153515	2.11073379208792	3.46769847569306	1.56043756617796	2.94796454651753	3.71757205606959	2.7741814531702	3.78885889773774	3.72749767811476	3.79810473194819
"49a5b0874d0239bad034d0427bdb011b"	5.31813958678953	3.15252142669008	3.48306795623023	3.64424812996834	2.74185595930095	2.48184530197421	1.53399363243401	2.57373251848033	2.40281831652617	2.52265689130195	2.72310668127879	3.83909457119213	2.97535853120265	3.94794412706553	1.76356710631625	3.56740660696804	4.97871921833399	3.28561592076061	1.8461379578391	2.1498825308048	2.12251623696337	3.11871421588913	2.89070503568629	3.28503727833836	4.08410422515453	3.30209881162742	4.20853793310457	2.07436153526905	6.13028104268914	3.16174658707322	5.83460750003709	3.62049086429775	2.86348451386295	3.47977526315533	3.96569949774223	3.14642275952358	4.21330083529216	4.38506675880995	3.67139193488582	4.20319687445636	2.80569946130558	4.53254594333239	2.43132873008648	2.88336784320372	2.83613284287501	1.63815752770528	2.70749471351421	3.2063821023348	3.46297271370657	2.25658303843225	2.23956115762549	3.19301702955101	3.71874913035925	4.13040130092402	0.897148686345789	2.94571947477137	5.78199665620972	4.87479944253042	8.16021525986711	4.74390057040328	5.42696022473516	3.69967952284749	4.99144486336951	2.60501231937403	4.63443418749862	5.19547811427726	5.73307061243971
"52ce2bf56ca429438a585907ec8d6487"	0.111502912454782	2.62026441524451	1.1104305108892	3.21469831119601	0.579415614107231	2.55371378180422	1.86048265990996	4.65277425655033	2.11710948741352	3.90568125899539	0.759067871061208	4.12337228495456	3.01616470248348	4.41192945540418	0.359147484688998	3.75771638010869	0.631920502544043	2.93848550286951	0.768966366323585	2.97078644765784	1.77836736058031	4.81740878990772	1.08634400677424	2.99265253602707	0.442171766235885	3.14891351219639	0.96871125070545	2.41092833589495	0.550892132979074	2.74055611265847	0.531451441559647	3.00593009853044	0.375011398890127	1.86784281048349	0.485899123826105	2.34985724842814	1.02756731305503	4.00831924437087	0.443043447662953	4.01021593520407	1.30364074799714	4.32119961737686	1.69868337532767	4.06423469233734	3.96494477512971	1.40601071018441	4.05177966083281	0.902513865161984	3.44980340189401	2.04727985487144	2.07890990038364	0	3.25470965515722	0.872161190111893	0.68944533718473	3.01277570561275	1.59295562271113	4.12269266422425	0.69669288710644	4.25703479038076	1.25782442340836	0.656321357367017	4.83357965598322	3.25758656185189	4.88465656530919	4.90851928710095	5.30738433705628
"57c283fe82fd46e25aee517bdf54251e"	2.38643770299468	5.48350408152008	2.40440901226068	4.71245439017012	2.39474896472169	4.86295903766168	1.67844761044615	4.22630700802633	1.58833970223272	3.84711976712269	2.16675758058864	4.47439704303595	3.8635815564505	4.7860715681446	1.56714567096362	4.50422594864627	2.88898635422308	5.1430080324067	2.57521646981731	4.1338197301785	1.43718113538933	3.74978481299062	3.67540102684145	5.22936699415799	2.62271436506406	5.82549510673274	2.15760024496188	4.16684224689191	2.18782498368836	4.76671574191148	1.77378217499739	4.93092664173114	1.79733158279546	4.06418180563684	2.07890990038364	4.18807039670485	2.26233376894375	5.23125930068837	2.66936619722807	5.14350595181687	2.75603496165613	5.29477038343433	2.12921455602709	4.22272407123841	4.94448473654812	2.02860551115228	4.96886211122865	1.95382928122099	5.18666878906912	3.85846609836987	3.04006489859345	0.609178986570039	4.25879628932927	1.91845085558771	1.50907709962851	4.34829190097986	2.99697270390207	5.63938485736899	2.9715047427963	5.32117336676869	1.78454013912854	1.35828575670058	4.21399619170985	3.28358073216283	3.813998184317	4.15374754402249	4.3488547822202
"5fee38761daf5711baf496c8f312b281"	4.68216687463699	5.65670196070163	2.57622896437476	3.19363534722718	2.90233710893704	3.74223726591807	3.46912443647937	4.59986829577468	4.12460919944591	5.21648488860746	4.63419952770179	4.99372384491387	4.36563578563762	4.96432286580251	4.49765397070075	5.08115576265689	4.04677345470108	4.27548514416191	2.19829178544479	3.68313222035981	3.74260835500243	4.22696459802045	4.03481251000075	4.2537531094924	4.32656191513541	5.71123902866405	4.25838525990976	4.95506064426326	5.23789728631155	5.39303737223387	5.19271904483881	5.01106320253038	4.92539778287605	6.04009850145825	5.22262584123558	5.80809808058595	4.64141435825091	5.38465917776186	4.80956874251563	5.28731283822392	4.42569417678074	4.90096758987927	3.38422652112719	4.36643724919609	5.58587860419959	4.73554351467397	5.52968834755143	4.2623017210423	5.47110402701728	4.88162319786022	5.9239323654369	3.98597589698607	4.37637752093469	3.02519374096157	2.64428649083227	4.55916535666955	4.53539309279395	5.60431661061162	4.51803257557681	5.49978973694658	4.44540989500459	4.11726272335549	4.76793318169929	4.25410950965677	5.17211566314344	4.85157059578841	5.14881263092229
"61629e0f4bbcff583e33ef20425621e6"	3.6310392755723	2.0551237463367	0.101147654004846	0.984483816950536	1.51858060386695	2.55887556465466	0.274028282251079	1.07339327922189	0.593684792256794	3.09146481869497	0.240643922608539	0.689263649405143	0.743971464979513	1.82475894749116	0.475085693652529	2.1758819915791	1.18085565004913	0.871878968503343	0.124913111698797	2.50166625308667	1.38219471905944	1.37367962889975	0.401938898331606	1.44247146029473	1.95772733596494	1.51634868448933	3.27824846328038	1.5126428307084	0.0954919814592207	1.0887639526133	0.481129012029154	2.84095973374522	0.746252781727041	0.304151946407675	1.37562565229504	1.59131976560375	0.0835136002278176	0.617118904263404	0.963197218274146	2.06001149496689	0.723977019352384	0.644922856272928	0.83609534587921	1.42827808057634	4.42996412589723	2.5880486563734	4.44415238805188	2.95086795316561	0.140022777919828	0.38362841349899	0.431991485478171	0.261285991031888	0.114265746128343	0.023921583716672	0.023921583716672	0.0924333183310872	3.59602946555587	4.78837288779307	3.91300476334609	4.56022336271311	2.30110960499681	0.154683109489998	1.94910048309479	0.90631150460349	0.446412534761481	1.17420696465362	0.446412534761481
"658f3c2c703b1123c746dc1eca8140a8"	3.70707927799887	4.23694301412962	2.22596373415935	3.61960038096091	2.23312032446691	2.81858450958194	2.15305021063103	2.95403932694839	2.70996263789531	3.48822676404524	5.38968578781963	6.24562730171997	5.4042586715151	6.19565027306035	4.65222501676569	6.04459096280155	4.45935751481854	4.23736178014402	0.89074315390502	3.96669431788281	2.35803399088836	3.05658938598945	4.1450104264832	4.2537531094924	4.20978986009015	4.16160436169582	4.14144636540398	4.94179062591237	3.80043424557258	4.60964515834706	3.57709277929742	5.02235040344506	3.14458658090112	4.21342419397139	3.70621452970301	4.01358664607017	4.8321728413722	4.8978524864376	4.67900282023981	5.03071082532724	4.38723529601474	4.73408797730222	3.05129563820128	3.82085551283351	5.54426625603593	3.93847796660859	5.70326335326934	3.74359289811626	4.32874979541388	3.78689959501813	3.06491793312279	1.87658931563146	2.31162956813924	1.36230899836938	1.76092046454361	3.79042865342411	3.10346820567488	3.69578197679794	3.93508244120856	3.07334865546299	2.6011068037182	4.77103005632263	5.12703141287234	4.61203099670988	5.21880132016409	4.73749164694041	5.26788252990038
"6bf7a3c1838a5c811cd7a1a8ffa14ec1"	4.41738182139335	4.8667133365107	4.38657035880708	4.95333914135898	3.63200019248385	5.37980548296104	4.11803361450367	5.25689668243226	3.98053648469167	5.20449973034615	3.97355150098055	5.03569331633915	4.60549765236512	5.41078714738789	3.36200461478504	5.02080754091831	3.59932284075658	5.52497465744265	3.81107960880934	4.74917983320833	4.05350508491013	5.06832211460111	4.25660512501274	5.34506191606422	4.35249547580026	5.08318360108053	4.27516717671871	3.96555279599262	3.33888216492844	5.29160086124012	3.52042529890015	5.38142521801893	3.73105771249243	6.18335812062908	3.98280156695455	5.55310245456023	2.72683270040158	5.43824520820463	3.31213153205182	5.07141714276759	3.14159815761131	4.91563324014962	5.12684541930324	5.04342389111204	5.63141491531023	5.03062096346274	5.8376120028339	4.43979473345152	5.36780891367562	4.09185479866486	4.63147953972837	2.74197479917899	4.70064062567739	4.5100684794517	4.58605168662302	5.39435921043908	4.82060235285698	5.23723020527672	4.44356199458363	6.03168155225907	3.95698413390231	3.05883288639675	4.46399769726001	3.14168579111526	4.50247881610037	4.16491087963796	4.49282632118614
"70c5cf9f8a48025c75db0a33a58ce351"	4.14625748043649	2.65639796510985	2.95912378556776	1.38469933974935	4.03580207334499	1.12349350135854	3.90568125899539	0.522832650051581	3.76267865002975	0.282552187060332	3.17328079082971	1.54690782637318	2.38935674125104	1.63803236634608	3.16790618336256	1.8799821678269	3.72842271139811	0.269416263644888	3.41326214219918	1.99059325132468	3.06555418795654	0.265431095391893	4.15863367726056	1.84588458355934	4.08806872696692	2.52511901852421	3.83867777615825	3.20239678832033	3.21812354197437	0.406131552651325	3.72482799261516	0.428139425147037	1.89599365080974	0.632110786476946	3.30551187476476	0.35527296162064	3.84358697887427	0.507997628754944	3.88559606976858	0.272741008582481	3.91067770091169	0.680831654837296	3.31806175695925	0.573642664005221	4.26625755402299	4.7702827979815	4.2422843658552	4.81231642795126	0.481129012029154	2.37981461660405	0	0.830266067923065	0.15655065472505	2.6562564306202	2.11763047272898	0.114265746128343	2.80906384277772	0.764876039151746	3.30496720545756	0	1.37184852058817	3.81063768929589	2.68490329995083	2.69316990324056	2.62504069683667	2.63926016618539	2.81052351279504
"798ee29169714eebb94c08cd9e3b862b"	2.73267146155358	5.27492736581534	2.51466527025226	4.12826197488311	2.5038445242082	4.09602331898778	2.9047154490956	4.72543327266294	3.10770208958763	5.00137083791061	3.22294848033691	4.99155122617444	4.177091916731	5.35324371340106	2.45879125886172	5.08641163375063	2.45414499107125	4.26054068920122	2.46162352257293	4.17659107051143	2.76462830956052	4.68093076611841	2.57654038276636	4.2698800903628	3.27888344696769	5.48741706640726	2.69241304218414	4.59806382551468	2.70657578134608	4.59574995460737	2.76923936941463	4.58830476088716	2.83800707105919	4.91052619521056	3.41833777554718	4.67789046073499	3.82323506947356	6.05675750233857	4.02308125810966	5.84488577787409	3.92281417079968	5.78327235262447	2.92384817291777	4.93645337561883	6.08912269554803	2.96241506835603	5.89086650064704	2.47505915531366	4.28509714449391	3.45667308424098	3.76192924516289	1.34275539773019	3.92311862078663	1.38680423111409	1.91667184544859	3.87831429722593	3.16044808813163	5.2093282387343	3.35508893846256	4.78166855421524	2.03758567956928	3.01951950079696	5.07583669548016	4.2231741520084	5.13771349627087	4.74479264037438	5.15181040559335
"a97b1681b28638728e311ffa82af05e2"	3.03332777253111	4.79394510828712	1.40775248007835	3.58919805945527	1.08378118285415	3.03676648555452	0.892470059033809	2.28971178640648	1.18610960312656	3.21498253584447	2.50166543360295	4.39883561882186	3.38341066505193	3.87659916462361	1.76081973393722	3.95869366789705	4.27160807085281	4.35837333805751	0.999287226666272	3.85934875796366	1.14397117590881	1.50442155976762	4.10961011515913	5.3227578497955	3.78159069140922	4.73932230966922	3.44839125656652	4.27680658137298	4.3353332706817	4.85855968204813	4.22904589519944	4.54845802550348	1.72906706518941	4.77592146452231	3.35932299329192	4.53164867567815	2.53383331257758	3.89945110927353	2.14916581229589	4.05136120586346	2.58502947264956	3.43670415539038	2.17562917731626	2.96462827060449	3.58479040757434	1.55416027001073	3.63016076485359	1.64389576268037	4.92439452919975	5.02893090405909	3.50444299248452	1.82292458583362	1.86552946760841	1.09772022423025	0.65859973068175	1.93432111197049	2.58106011029482	3.72466292054336	3.21372305210723	3.33679623775457	1.14925216962759	2.95273875631733	4.15326973294608	2.96457550324127	4.00988411067202	3.99459862564553	4.08810580827114
"ab8f0e8ab623b836965384dbb7c3c6cd"	1.84715743624226	3.3967127741586	4.72575125903986	4.94086279735192	3.869673490676	4.79884649126936	3.31432003205409	4.02434976039911	3.17767367476463	4.16300459387958	3.24189460811922	4.56484552610979	3.74380106818145	5.07637177239653	3.61805626576141	4.24473360452516	2.7790937684743	4.5833482091774	3.25861178987183	5.18385418594454	2.97437328575688	4.06670962732708	3.42673386573509	4.87957824727558	2.50467798574494	3.84229789449074	2.20886006617063	2.95836700599642	2.56935502286514	3.75693054893509	2.37049604608497	3.41637495076189	2.7122142527264	4.42568140908183	3.4127311446933	4.54472407948685	2.6032495287029	4.29897078788597	2.71306162292513	4.28323146433821	2.77793192189	4.27865414158901	2.46172587296446	3.65539673712855	5.49666655849585	3.42814059795436	5.36645607734359	3.79415805641696	4.16578576742587	3.10873501288923	4.31667178042709	2.10869337933684	3.39036374247369	0.959336811283002	0.897148686345789	3.03745945826596	2.98113139766009	4.30277896920385	3.28159549289486	4.37920285154835	2.10882557136799	2.97005173312357	4.05991128299748	2.86916764230723	3.85668702406652	3.57613261550131	3.74920812625923
"b03900de7497c2facfeb0c35f2b9162b"	2.6981023515793	3.64785871588713	1.64950057873764	2.97758383233731	1.55856768643523	2.72281039812609	2.66944706254381	3.54603825945386	3.25747022654477	4.00750449783036	2.33042591549876	3.32872431846999	2.45467593853281	3.5389967037052	1.9552260495629	3.17193984463679	2.80748640261449	3.49375954670595	1.77431485962168	3.44389888879148	3.1625420591478	3.49883488145816	2.73693822826263	3.93993112565509	2.80353733494621	3.89542621753314	2.77663016957867	3.27951802770656	2.57826796208614	3.73723619103401	2.6070062814501	4.00595587353766	2.20253865480443	3.93142918159894	2.50877664770091	3.77701482002462	2.23661621605183	3.45887303208257	2.32387484925971	3.54595724836272	2.06444211054593	3.39843356583942	3.16432100696423	2.89146171922799	4.14419372101429	2.3589164649291	3.80936727298844	2.08721896893249	4.45825824317203	3.228762787377	2.74927857703835	1.42811673509372	2.81396906085696	2.50516219737611	2.99355139717094	2.87452491283308	4.40066898126152	4.54228729620291	4.69850539864624	4.59912402473685	3.92332687527951	2.89976263635543	4.12097169266951	2.76560388496082	3.90378032770508	3.88552066025918	4.11254486072324
"b04fb851c4a7ad6a447ee82f4b72bed3"	3.64698049967214	5.06227988210631	3.23218072089061	4.47644511020992	3.17657064764273	4.71805587139941	2.73876141349768	3.92052694422581	3.12467010692127	4.42329865591692	2.38641765623792	3.73734204082621	2.89105219301434	3.54548275902123	1.83502902602256	3.85886692449897	3.01337177867367	3.79315433067884	2.89353397503544	4.72433502207394	3.1437853579168	3.88090263096711	3.56841488886857	4.30659755947847	4.4942548486129	5.22251831224365	4.36863581399225	5.07056691976789	2.08119001221395	3.59146230621042	2.56422601899226	3.76276400845461	3.77668928100759	4.77664042966623	3.56859862657105	4.13056068598577	2.54483141892153	3.73699891722321	2.13278560679888	3.94766308498807	2.0238416186443	3.40712975031526	2.86973074592041	4.00931939323295	4.3754022417522	2.52369858513178	3.70318755331486	2.66409914951834	3.79781681522631	3.26513326057746	2.47704020696447	1.48767223156422	3.7021640715355	2.58035621381729	2.11325161000438	3.47854337955712	2.90052624832539	4.02978996984428	2.98749806531969	4.05955613462959	2.56666357965046	2.42980329932863	3.59091794263401	2.64898729250994	3.06877788159874	2.85438804001616	3.15214507855999
"b568a652f9f3dde117280a0bfc3fee24"	3.97192154724169	0.874898991746358	2.87793951910038	0.846082836830659	3.16259347423162	1.19041937008487	3.57168218748637	0.769958673477259	4.278530518831	0.815810731546982	3.6748212996944	1.19530817460474	3.48798431124313	1.53318474869364	4.72678565514736	1.28333429540874	5.26275858034852	1.86522366277222	2.80418610051231	1.01387468832435	2.76107544812687	0.44657506116438	5.01508046632944	4.86143728507809	3.90089380498119	1.10595857186429	3.37734274204101	2.01774391471172	4.16785676170043	0.774266231844737	3.61421247959365	0.950305610461433	3.73241995813653	0.73267746117689	3.99648480834756	1.03674823240337	5.39657220658176	1.0337821694644	6.04390570494814	2.43052965832167	6.26408263787723	1.50825532373904	3.40975350673854	1.56881798083109	2.17674609503482	2.89841421931827	2.00496096165488	2.61115097276207	1.02492986698058	4.56267283050073	0.450285498379632	1.44501882583956	1.00023106469794	1.97040065063029	1.89142756375556	1.16412221284094	3.67525668410343	4.06037045619028	3.9611876518513	4.08290632765567	3.27507133971412	4.7592366336965	3.97107982947992	3.35136575535926	2.05191205897586	3.80523729688746	2.72656520237808
"b655ed61f05195db0d091c2a1bd0775a"	3.49752979638205	3.47691416137167	3.94581864482865	4.70790248089754	3.85400515178736	4.49844651943989	4.47360009161726	4.26612325167559	3.92853264816972	4.08619516255176	3.88584172732491	4.40920756347021	4.13496442431497	4.56033648867129	3.91242796342159	4.83315913139744	3.86113257724753	4.66420879781416	3.43793167289549	4.12504147062038	3.38274460490767	4.33452788189868	4.39775627271682	4.55090954601362	3.99885419451824	3.54533948522573	3.77426844491319	3.83139798491006	2.41475238986479	3.77317924139821	2.05586580515113	3.80192684986274	3.3701374783319	4.63920549738421	4.15204097946041	4.83853024262889	3.57955051913027	4.47292071420897	3.09931360740611	4.42193509204611	3.35560569689955	4.08796257392189	2.90877689499642	3.68103829239891	4.48237225172147	3.64805631375969	4.15167819034076	2.97534260998573	3.43806918443801	2.96630861218051	4.37508035251978	3.78091304448451	3.48635559816564	2.92384817291777	2.4184752271311	3.65852114360081	4.02079747889467	3.84233846622279	3.8993928598769	3.67246120932898	2.7644633002271	3.64359920298667	2.78174467825485	3.09803287243788	2.92292800505539	2.29985336522093	2.61396337935684
"b74191341143673cd358924c5decfcaa"	2.34208057608692	3.94717611091685	2.70161118170662	3.8069500039897	2.73497219668925	4.2023981233755	2.79122529005081	4.04998038142193	3.19442746444584	3.84543639371752	2.68780830934352	3.40117231468131	4.28278425389075	4.91484231509649	3.64307894147943	5.18126777685439	2.78579118491754	4.23959258790552	2.46840965287053	4.43504386410614	2.99599183986374	4.12096143605485	3.48147021670051	4.20328835028438	3.01448778418737	4.09258042371107	2.3485390484471	3.25251270818897	1.95000176695857	3.1848183989758	1.63411101263898	3.22478632340791	4.33714263836259	5.29658411032693	3.60249578916279	4.81725000733031	2.64492721096108	3.83383960151094	2.7107478923921	3.87154636793195	3.05351898997053	3.69806711797293	2.36987965650538	3.22194491040339	3.20157307188084	2.03636440206363	2.99257098193301	1.6941098884913	3.5568127026644	3.35940616760035	4.40782786422863	1.75152150551749	3.09936003886664	1.7855820951469	1.81162990468273	2.94317107044663	2.13521488564209	3.00557962880832	2.30268428807405	2.56907744057446	1.26673124205471	2.40265556099046	3.82268298470556	3.05668888731382	3.89670175215887	3.529080586597	3.73985807899823
"b7ad5522a962087cd3ccab3a2b27593b"	5.13410413193741	4.27984407784029	4.88462238574944	5.11011428746128	3.8946222872374	4.06545336874689	4.35526818690214	3.84157800868891	4.7339821872836	4.5708135687168	5.10357230865504	5.03766837216336	4.98970078165971	5.21052133270481	4.74615336495888	5.19573556446508	5.02488278157305	4.42311363407724	4.31734283631742	4.99545969159148	4.34173345863781	3.50629553290545	4.68397803923494	4.40363620689272	5.42400926233468	4.62864855924915	5.13012455924081	5.86646958384431	5.26364103204702	5.07067998307826	5.2982198617946	5.33631617963925	4.5561384796497	4.98061978884843	5.96246634142782	5.24432075834016	6.16246716067597	5.93692947752486	5.86687958697407	6.09462564582064	5.80339417750951	5.7970139499961	5.75035306628483	5.71131814338293	5.24475421376945	5.49666655849585	5.3502120400709	5.14435862329977	4.45593440821777	4.95687158231787	4.72287480968145	4.19880165992078	4.90178911798365	4.48130257680103	4.39342653320787	5.08854566842362	4.46714174822523	3.68201333618263	5.18398297248548	3.34736922810921	3.37843357439693	5.46965357137255	5.93840499907556	4.52579861305325	5.71283048434863	5.84461616713966	5.94956816313802
"bcee579978d17340af700937b26e8469"	4.03436795748057	3.75473919580511	3.56765318482653	4.69715963097788	3.30410463068813	4.17699947051152	2.13457558842624	2.91758076809632	2.9760971092351	4.22119597043046	3.73084102307252	4.29921763350284	3.68892315315912	4.45691724691351	3.23624836463707	4.13162936424653	3.61359271055903	3.63094362051448	3.32920053848103	4.35187015198196	2.25725712848857	2.71220761374032	3.51145349430575	4.1720738267176	3.41238757063619	3.56603475482454	3.60205625032771	3.59883466278975	3.15250950098313	3.74634379337615	3.10350088741454	3.66251237789149	2.45652860850712	3.79922487695097	3.36964843973902	4.06662123080624	4.97512734941366	5.48499442436149	4.93548493268973	5.5252224743298	5.086385849804	6.11619252186063	2.67311156011113	3.67798355885562	4.32084367732967	2.89678095283442	4.29775596215665	3.6372015594614	3.85068362823493	3.31368406053782	3.17594602715742	1.6366111530382	3.12201949038253	1.56122513154686	1.40181454752786	2.97703837638934	3.65917624944686	4.75723492031439	3.75383969881362	4.8247800772732	3.32043986301656	3.9653289770214	4.66583779982153	3.77813680701035	4.97823237064027	4.08478461116083	4.59849725139971
"c849a42f77211865d7988e68a523efb6"	2.8839457105649	4.5776614052159	2.93396803386972	4.16405406575585	2.68722451065535	4.00766585716375	3.81240439565433	4.78464269643441	3.53362311744002	4.44560098411602	3.98254036762174	5.51783036738227	5.23894338485512	5.86739697379833	3.52117664089007	5.81619303623562	2.95713696479461	4.63852352742399	2.56298589266396	3.77998740782997	3.32773858848974	4.61503317639353	3.5040415339316	4.96252094151472	2.91547816020252	4.80075840844699	2.87637954407261	4.41595756425136	3.36634710422641	4.14139034870618	3.63601650741386	3.92393181325228	3.23081510713856	4.66230018164647	3.40284325979468	4.30426189816113	2.8953051243632	4.33178804704546	2.94141335394368	3.9596936860668	2.61860677817584	3.33037211808406	3.13104716854223	4.21970298022634	5.25740471166826	2.95858082599318	5.12632212536167	3.85803961175535	4.58694511369742	3.96340789562067	3.85734971053235	2.53729042854795	3.93217576749842	2.6921501289222	2.60122602221919	4.43718463582742	3.1997060532766	4.23517746714398	3.45932011558119	4.05000639319928	3.00635841559928	2.57651240090347	4.74835735123628	3.86787548747931	5.00295370609863	4.32358108695005	4.87634219430361
"c8dc76fc84d10ab38195c551e499a2bd"	4.26029032009747	5.23381547407296	1.99603139972503	3.72217072377209	1.94218106178703	3.95376198738688	1.40178574757394	2.73145580699285	1.34476065505972	3.45642055561425	2.58949786961365	4.49533460548063	3.32527699885327	4.53164174433566	2.20805724708674	4.45598873904656	1.95886021946903	3.43822145319458	1.61039845096922	4.85666754198115	1.59292878361274	2.04402457510141	2.77041636437812	4.38068047901278	3.78389188505001	5.46456270734295	4.20628050728317	5.07742070782901	2.29769314691362	4.97768294695579	2.46426166781071	4.88491106042696	1.86123235882121	4.1874228441033	2.75018780982246	4.27798469375861	2.28740647845377	4.40802960787886	1.80895412355377	4.25544787353843	1.85904733245861	4.40014868392286	3.12468316041094	4.56497887795996	5.03042743767735	2.103611578727	4.8571525289421	2.58246853502406	4.51246919927702	3.49540998965788	2.69891022515613	1.54993394994437	3.36349274535005	1.61320281628096	2.3867129833958	3.45435118589407	2.02104094488529	3.80556517683152	2.03347508708747	3.72693776116571	1.89213075937342	2.46402820400658	4.50399441317832	2.93431251069669	4.15470248180999	3.9638860814593	4.33440553687998
"ca732e25300582c2653a6a63aca6e584"	4.27140984285743	3.37676731626992	4.0743157343445	4.57754181326792	3.49201780058756	4.14294415267796	1.70540242357152	1.23640214282742	2.50626036111286	1.76689096200246	3.20038120895204	2.13320266347487	2.92597546748617	2.62025189638434	3.03634413399763	1.70130945963931	2.77235119403219	1.15683717066572	3.75881226705082	2.95705147462079	2.55728645690532	1.26857810448374	3.21180528742666	1.73226774710502	4.35704109199618	3.3853641279687	4.41473515580488	3.79114425799683	4.73334262000979	3.12574247405154	4.48422440411854	3.11912178573089	3.37647331191035	1.28545029758679	3.21609504207308	1.40396334125998	2.68731129563438	1.97187025072484	2.30145645632322	1.54608056010858	1.82312246817019	1.05219829915828	3.07449839751039	1.51972653007191	2.43436903471518	3.17035955518625	1.81926016797178	3.19552907819385	3.10798895589966	5.00548337907663	1.47474081206481	3.2812276694703	1.33401505446619	2.40545435806244	1.93081609045896	1.44838731617197	4.02726899439039	2.66881084244177	4.18423840314039	3.03777745567518	2.27718687152027	3.10350950659645	1.8726166143881	3.24935971364832	2.27982974269873	2.90643625238757	2.50956218852041
"cd2378e5fef18a772012410d956267eb"	4.31401510294409	2.01325299332911	4.21328574178567	1.56136364195162	3.01089449393389	1.79662925919637	3.38044823255551	0.432062896567824	3.93866976596368	1.10744648532402	5.41947326769314	2.0846479647072	4.43780295775514	1.90649074187797	5.43166253933472	1.90649074187797	4.6802561369075	1.54318699264515	2.83356122471519	2.01217062427861	3.67445002380491	0.536093875522391	4.71824776834282	1.31398169950826	3.91275094041917	0.6732031132616	4.34290379473086	2.50192067030975	3.92821323350687	2.17272694573582	3.40756373999577	1.94045242559749	4.36933664375192	3.8190816297906	4.78189710527552	2.74471997105706	5.61423107453734	1.99108289389198	5.6648751044059	3.2197626315389	5.77292208204358	1.93482031206871	5.05337065695928	3.09662796168702	3.21889686464686	6.02918298336973	4.00997590834341	6.74093129602536	2.49227940411741	5.5619665743529	0.995574998157566	5.30304406807313	1.44553920795506	4.11550084807239	4.36904656943211	1.20847366026058	4.34550226711143	0.407830308814445	4.75939517162603	0.448841277943715	3.45634620726121	4.49639335246727	2.30441781253714	4.87715357642839	0.795992535852103	4.22673306866761	0.983156542770817
"cd702c8b9d60aaf30e7286439ca2929b"	7.20579072407463	6.07828006971106	5.14001646980564	4.57109253260052	5.6241576949164	4.83839534666678	6.7542643786192	5.30029985012821	6.27301222193246	5.39085471925438	7.23409790965279	5.72150474342797	7.90590684172635	5.20938496739448	8.05089459533062	5.44784796162946	6.0625969681256	5.02863525180788	7.25841557312466	5.17252679346758	6.74146288361456	5.43369907752725	6.6706439305935	5.20029342782864	6.36916916031692	5.89535844639263	6.96170778483074	6.38384523295861	6.47771009070159	5.65125859885242	6.33740326345759	5.17114400445674	7.00728413129731	5.49776190149163	6.03500655184419	4.22576014727022	7.53429465224123	5.71875673208659	7.47255536519012	5.67263271951999	7.87851745357596	5.80622846721478	8.2582346391217	6.12705431981394	5.54148373268008	7.94653883261522	5.12394537208729	7.78950355039417	5.39826450629022	6.87819175272943	3.30551187476476	6.03371246451681	5.48868116432189	6.29134371600419	6.90740561285606	5.47730917755296	7.09175769567261	5.2862730440238	6.86330315350215	5.10699757479374	5.97624783799642	7.61034768067059	5.67567689384338	8.27771778442369	5.37123617478367	7.30054262412003	5.33025438712887
"d28e8a94d61d4f56a50038fae9d5034c"	4.25910008285086	6.02403546855446	3.30946615641936	4.7319824243189	3.31528249421718	4.53521504809987	3.82746522681177	5.13266657907536	4.00155126574132	5.65153012402997	4.60293456885734	5.72782627844167	5.03766837216336	5.47275485895587	3.82067838439184	5.11939132645691	4.83733880855162	5.03589724052032	2.61103550276453	4.57548804764096	3.83964321910069	4.59692105527305	4.78964309363306	5.64393685350661	4.07498304862097	6.0245246785556	4.47409572691464	5.61608685999299	4.43833135088435	5.57401769372081	4.36930860226583	5.33824359999411	3.43451316291895	5.4833312374762	4.14124545077024	5.54380177602522	4.36045232387292	5.62478082489378	4.21071979257064	4.7706229276472	3.99973933388109	5.84725295219607	3.6560223998643	4.80115246708258	5.90185761731087	3.50930831146091	5.68467327128607	3.63564121691917	5.6443116244892	4.90701104802742	4.13784780697616	2.05187286906598	3.7752773096044	2.64342598740425	2.35620595150139	4.17883360106756	4.56564027303748	5.70472531004719	4.62737604086523	5.87961685738543	2.6445149809343	3.93932886392978	5.63464796456755	3.52863440797099	5.49658015077193	5.52322582349964	5.60061294961711
"d30e91529ed00acef85a1d231919277a"	1.26063192687406	3.2603032168984	1.34389951573463	2.75632848825321	0.959313822204729	3.16033888482688	0.642232761758396	2.20774911074029	0.937559734496721	2.72261803965761	1.21449485290549	3.13989858937753	2.51210279259641	3.54640591367746	1.59350769766099	3.85650124683116	1.45698113048477	2.88208193652262	1.05640217838302	2.71491326299018	0.743546525493722	2.53165123111522	2.52219119490527	3.69133493694694	2.09944941751894	3.57362728810343	1.20665590159901	2.52646701164799	0.869660233945842	2.9366349223658	0.841265416012402	2.29601354761101	0.683657798453578	2.76551960731976	1.11898828097092	2.46623355433048	1.67150337808927	3.60212695270404	1.54608056010858	3.59066225301466	1.38535391904283	3.28445755167747	1.0265934148793	2.41307045416912	3.10085767157383	1.15110226674403	3.1515329913196	1.16966082360819	2.82027708917731	1.89128801194296	1.87658931563146	0.0686814896793344	1.90593080535749	0.593898505053564	0.517531091780994	2.16457339305061	1.11372419314332	3.44837227372775	0.920544073578207	3.05052079252126	0.862481432894621	1.1504251813744	3.1947926185521	2.27515140709238	3.12845594005558	3.11302203201362	3.13641483550713
"e82bb37f070749cdaed7a1c57bea0c00"	4.1123590885502	4.61221895494335	4.19720969199272	4.08287596521929	5.04251515464203	5.00102765485094	4.01788876942653	3.10518233062651	4.3567126856565	4.26422506290821	3.6776576242484	4.16274760646182	4.135220507287	4.28697298696239	3.6291604471046	4.25455331197501	5.12781512563939	4.05565120332645	4.63171586108493	4.68384346411317	4.54759047871064	2.82784407293099	5.12082381615201	4.95230310930369	5.01677207216268	4.80200480036322	4.67370598236546	4.9077618460831	5.75899893004075	5.82572809398698	5.84147038365234	5.18311468640907	4.20242421267988	4.50717154952058	4.74907283942669	4.43970468431309	5.23859050412502	4.94557482343339	4.55660600628225	4.67348637524392	4.36245281120011	4.65244129221109	2.069903700741	2.01172129755905	5.12262250860494	4.77429155235121	4.59662350695463	5.10283671945421	5.35959636245033	5.59633014304648	3.48108884712994	3.55202474538673	1.85611516115338	1.48743184732784	1.45688329156018	2.01172129755905	4.17363474066268	4.33524902395946	5.0081423225567	4.52641005546073	2.22415468486678	4.29017808650339	3.99319738021714	4.13882819674879	3.81030101784694	3.28813200035428	3.96734553951613
"e8eb738af4ffd9575fc4ec2fe5235244"	4.43391664411659	4.11291060827328	2.85752539643786	2.83746546742315	2.72281039812609	2.97893778227653	4.07036817891163	3.52005267187773	3.94500814465952	4.04506425795363	4.12518435594135	4.2470258773473	4.55563887523737	4.03794922187339	4.92558696361488	4.1502144944742	2.66963780117575	3.12534198643495	3.20503204035155	2.98769405345134	3.69954779446331	4.33879867522316	3.62395685922949	3.1164753683539	3.20239678832033	4.22887420226517	3.60846845571303	3.73159688316268	3.27969619223111	2.72425813994642	3.16668528597189	2.79304064849968	3.62396630281125	3.79411847489156	4.04594269765462	4.61486096830997	4.99726213738577	5.05577703307137	4.89080781999908	4.97645011599551	5.42689781092948	5.33595451883808	3.74741259619297	3.16534318290716	4.06584264761135	4.51140981660693	4.16210934213543	4.31393353684061	2.60823723227537	3.7846259023757	3.24476756212357	4.57360661634259	2.66218809598085	1.7876100389037	2.01172129755905	2.52570864410825	4.17508733248694	3.95215837707686	4.68798664325902	3.94913041019438	3.55505544725347	4.9498722360313	5.1459829629587	5.65662243710811	5.27335481852838	5.572456131028	5.09157502701463
"eed82158b96970d8cd74068c0c038e15"	1.79255032308735	1.54191210713624	2.01217062427861	2.03329223113484	2.49729542436122	2.18790068911578	2.29992385503946	1.93636372662016	2.3622856173757	1.82117910321009	4.39981871275809	3.0169484111775	4.14388853744267	3.59591018224541	4.18003418830595	3.32987078916543	2.60778630521476	2.31465199421218	2.0454102402077	2.38254118153164	2.5135809185503	1.71962112019515	2.03239448241994	2.23850726572076	1.83647196592074	1.22166791825748	1.97424323508763	2.30074169497946	2.76082606261048	3.26257878541763	3.27717869467962	3.33174726279641	2.29551334703707	2.65490747827745	2.85205888142332	2.72906340254728	3.5509687720984	2.88075454932938	3.9846260457398	2.86101846786887	3.56634678176992	3.3272508323765	2.70437411925189	2.45758769554635	2.63266781723073	2.79536657601969	2.95858082599318	2.53666985041898	4.03973700981406	2.93397388426604	2.00703306686974	1.02661275885349	2.28734505125627	1.9516642765505	1.69868337532767	2.62955626568374	2.01686163453833	1.8558991608437	2.35180792545381	1.45233675087997	1.7604779305946	2.90726733155952	2.6671065325133	1.88884867169334	1.77185739698739	2.01812874562582	2.19377329517427
"ff8ff7196966a8d81adf292586bfe0aa"	2.2854312026948	4.09567044951161	1.98695131955476	2.41278567660265	1.90921059795758	2.58228249766056	1.44782469030661	2.90840817494478	1.27803241816756	2.69029212229162	2.32574560568927	3.14680238472684	2.30040712293821	3.02007711836308	1.79595996810062	2.81923015095835	2.59286379129309	4.26032245261128	2.12158586154245	2.88613836527668	1.26540669859307	2.70093199333307	2.78769652253279	4.2895738436432	2.23804091850716	4.17723642258723	2.40486167822301	3.31320082863685	1.84750948433255	2.94017199378195	1.62428711528431	3.09067420374457	1.37202630479133	2.44672855292141	1.48445501990068	2.6598933863247	1.87252806722561	3.36588448968654	1.63821194080175	3.54092048270329	1.87252806722561	3.90402712339498	2.86560308685787	3.74340871336507	3.97556076346934	1.98685327909551	4.1027311958903	2.0963591288943	2.6851636233154	1.77943381953742	1.99162825233533	0.94160363984644	4.95308866373355	2.47709328815544	3.0632472201144	4.3067497969706	3.69656305946901	4.82629493288727	3.93014956223593	5.16465577116179	3.61696102162934	2.23528992245412	3.77325663131041	1.97052582488822	3.52281589689826	3.5065241367501	3.6845205679577
